energy,danceability,tempo,valence,loudness,acousticness,speechiness,popularity
0.652,0.75,125.008,0.0383,-9.402,0.00918,0.0558,46
0.564,0.898,117.992,0.435,-9.207,0.463,0.121,62
0.387,0.631,103.11,0.832,-11.529,0.742,0.0262,63
0.346,0.38,117.916,0.358,-14.313,0.648,0.0417,0
0.675,0.779,91.006,0.63,-4.976,0.138,0.0485,1
0.915,0.767,93.984,0.897,-3.734,0.104,0.306,29
0.408,0.757,115.96,0.309,-10.889,0.325,0.0373,0
0.84,0.541,137.04,0.91,-10.416,0.146,0.0338,39
0.315,0.602,80.07,0.281,-15.164,0.662,0.0296,49
0.857,0.667,149.926,0.912,-2.636,0.172,0.053,40
0.532,0.855,102.941,0.877,-5.119,0.0154,0.0592,38
0.935,0.596,136.696,0.902,-11.499,0.000868,0.0549,5
0.382,0.381,104.286,0.0945,-12.715,0.0316,0.0345,19
0.338,0.627,104.168,0.799,-13.848,0.58,0.0304,20
0.913,0.702,137.981,0.735,-2.977,0.0514,0.0374,69
0.284,0.493,79.959,0.199,-12.815,0.953,0.0309,60
0.969,0.768,142.954,0.707,-4.345,0.16,0.116,0
0.44,0.755,107.036,0.151,-11.7,0.202,0.0475,63
0.934,0.508,130.012,0.698,-9.577,9.31e-05,0.0504,48
0.876,0.647,151.925,0.949,-5.662,0.881,0.185,0
0.537,0.747,103.9,0.869,-8.2,0.583,0.0423,0
0.444,0.724,129.962,0.739,-4.903,0.0121,0.0412,65
0.53,0.727,96.032,0.803,-11.556,0.534,0.0384,26
0.922,0.332,170.098,0.175,-9.228,0.000153,0.0645,20
0.578,0.672,113.945,0.548,-6.621,0.469,0.0569,73
0.56,0.709,170.082,0.541,-4.867,0.034,0.171,2
0.623,0.698,102.002,0.625,-7.845,0.623,0.037,71
0.472,0.559,129.945,0.305,-6.814,0.583,0.0299,0
0.753,0.483,115.102,0.42,-8.937,0.425,0.0832,76
0.777,0.601,119.963,0.485,-4.612,0.269,0.0471,0
0.75,0.419,145.867,0.436,-3.546,0.011,0.0316,32
0.576,0.687,170.052,0.439,-5.095,0.163,0.328,19
0.422,0.403,122.728,0.378,-13.964,0.134,0.0373,81
0.652,0.472,140.124,0.401,-10.171,0.0131,0.0305,73
0.677,0.635,95.005,0.49,-6.457,0.103,0.023,34
0.8,0.264,155.558,0.465,-2.427,0.0195,0.0537,64
0.678,0.705,120.042,0.691,-8.644,0.0483,0.0415,61
0.228,0.426,147.994,0.0822,-10.552,0.198,0.0322,72
0.748,0.73,155.861,0.694,-4.371,0.0936,0.152,70
0.736,0.755,106.777,0.953,-9.594,0.657,0.107,55
0.0617,0.796,96.44,0.166,-22.034,0.768,0.0754,65
0.801,0.609,122.958,0.202,-8.483,0.0246,0.0694,73
0.735,0.334,82.471,0.525,-10.697,0.366,0.0741,20
0.835,0.219,133.719,0.0753,-5.58,0.0166,0.0456,26
0.995,0.455,146.004,0.295,-4.646,0.000508,0.104,28
0.673,0.848,93.987,0.39,-4.034,0.0147,0.058,82
0.68,0.703,97.985,0.536,-6.118,0.0171,0.0431,74
0.588,0.739,109.958,0.774,-4.971,0.00308,0.136,70
0.933,0.512,92.998,0.465,-4.759,0.000761,0.0738,64
0.908,0.874,125.981,0.905,-3.573,0.00839,0.0593,64
0.428,0.68,98.222,0.334,-8.107,0.376,0.135,78
0.817,0.766,125.033,0.43,-4.253,0.0239,0.035,75
0.347,0.607,125.485,0.644,-12.241,0.695,0.0369,59
0.431,0.718,139.618,0.324,-8.736,0.132,0.0314,68
0.592,0.726,113.896,0.895,-14.705,0.00152,0.0437,26
0.556,0.888,126.008,0.45,-8.38,0.00758,0.186,65
0.394,0.601,124.002,0.261,-6.419,0.917,0.0619,22
0.855,0.753,131.913,0.671,-5.2,0.0483,0.0442,24
0.946,0.332,153.091,0.303,-6.233,0.000275,0.127,56
0.841,0.615,126.026,0.316,-5.352,0.0178,0.0416,63
0.73,0.529,131.861,0.565,-4.683,0.451,0.0674,42
0.487,0.655,139.914,0.0454,-7.988,0.0347,0.033,71
0.341,0.331,109.821,0.152,-6.057,0.528,0.0309,78
0.649,0.607,102.996,0.505,-6.695,0.0306,0.0362,75
0.445,0.61,81.995,0.26,-7.836,0.684,0.0989,28
0.148,0.389,142.611,0.4,-11.011,0.897,0.03,61
0.914,0.488,172.187,0.222,-2.875,0.00415,0.223,61
0.948,0.554,81.478,0.398,-4.804,0.295,0.0431,30
0.702,0.521,127.976,0.25,-5.189,0.189,0.0331,66
0.431,0.622,117.919,0.365,-8.26,0.0955,0.0293,72
0.909,0.397,138.207,0.436,-4.796,0.0202,0.128,41
0.886,0.579,66.578,0.731,-9.736,0.797,0.888,20
0.796,0.48,89.798,0.906,-10.391,0.617,0.0406,0
0.988,0.216,139.737,0.124,-6.863,7.26e-06,0.113,20
0.519,0.635,150.068,0.491,-7.243,0.0985,0.0872,26
0.63,0.69,127.854,0.745,-5.429,0.327,0.0502,40
0.318,0.0723,79.75,0.0787,-20.159,0.248,0.0469,7
0.446,0.353,155.476,0.211,-6.044,0.95,0.0285,68
0.247,0.684,106.522,0.768,-13.71,0.872,0.0281,69
0.54,0.584,137.972,0.195,-7.786,0.0895,0.0576,78
0.743,0.509,131.922,0.496,-11.588,0.000384,0.028,64
0.862,0.433,200.817,0.722,-3.89,0.193,0.412,68
0.483,0.489,136.822,0.333,-9.466,0.42,0.0275,72
0.804,0.706,94.039,0.259,-7.577,0.0404,0.13,41
0.443,0.692,127.9,0.363,-5.671,0.214,0.0386,64
0.914,0.742,81.009,0.35,-6.893,0.321,0.113,37
0.581,0.45,61.227,0.463,-7.806,0.496,0.04,19
0.494,0.118,59.135,0.0441,-17.073,6.07e-05,0.0856,10
0.858,0.662,133.993,0.295,-4.844,0.00163,0.0428,78
0.429,0.619,90.058,0.545,-7.867,0.738,0.028,73
0.797,0.366,169.986,0.181,-4.923,0.0157,0.0812,70
0.974,0.629,142.001,0.0339,-9.042,0.00152,0.171,27
0.671,0.717,110.054,0.699,-5.077,0.0018,0.0337,1
0.886,0.667,123.007,0.774,-6.999,0.00306,0.0516,51
0.69,0.779,120.045,0.349,-13.01,0.0417,0.162,11
0.81,0.654,114.623,0.661,-6.26,0.00719,0.0288,78
0.864,0.564,95.984,0.534,-5.121,0.0761,0.0341,61
0.741,0.748,128.077,0.537,-3.103,0.00419,0.0531,66
0.353,0.497,143.916,0.169,-9.641,0.125,0.108,0
0.882,0.702,129.981,0.386,-3.706,0.00863,0.0346,16
0.806,0.47,93.853,0.403,-4.1,0.0271,0.0328,55
0.927,0.547,110.095,0.862,-3.02,0.273,0.07,42
0.273,0.282,91.577,0.26,-11.805,0.935,0.0469,54
0.758,0.523,135.437,0.766,-9.81,0.133,0.0403,73
0.724,0.784,93.984,0.401,-6.739,0.0775,0.0503,14
0.936,0.56,112.96,0.371,-5.835,0.00832,0.0439,0
0.933,0.486,160.009,0.102,-2.758,0.00189,0.0378,0
0.534,0.671,84.977,0.418,-8.15,0.103,0.204,43
0.735,0.686,171.355,0.0596,-4.616,0.00921,0.264,79
0.737,0.429,174.987,0.297,-4.788,0.0216,0.0431,50
0.902,0.574,146.262,0.936,-7.912,0.104,0.0319,45
0.508,0.539,101.358,0.227,-6.05,0.727,0.0288,1
0.691,0.855,121.472,0.647,-6.51,0.144,0.0514,70
0.866,0.788,128.047,0.575,-10.566,0.0398,0.0734,10
0.178,0.785,73.147,0.461,-17.52,0.785,0.204,37
0.719,0.713,119.993,0.24,-6.972,0.164,0.0455,66
0.438,0.54,89.848,0.777,-8.409,0.815,0.0765,43
0.905,0.227,199.798,0.182,-5.104,3.27e-05,0.0788,56
0.556,0.586,167.018,0.517,-7.639,0.00655,0.0592,0
0.465,0.9,104.007,0.731,-5.939,0.702,0.118,50
0.732,0.458,135.865,0.95,-6.356,0.735,0.0446,44
0.762,0.679,105.407,0.511,-4.253,0.00469,0.0316,2
0.875,0.806,125.063,0.917,-3.817,0.0838,0.088,75
0.991,0.37,185.215,0.068,-2.267,0.0139,0.331,23
0.39,0.712,119.981,0.275,-11.013,0.607,0.0314,43
0.511,0.236,80.973,0.227,-10.788,0.407,0.0442,72
0.534,0.695,82.054,0.533,-10.166,0.494,0.049,42
0.593,0.515,94.467,0.153,-4.801,0.653,0.0322,81
0.768,0.535,156.014,0.514,-4.554,0.00736,0.0577,61
0.746,0.63,102.954,0.34,-6.551,0.175,0.0398,60
0.318,0.614,119.959,0.112,-12.695,0.896,0.0478,85
0.83,0.77,126.089,0.98,-5.472,0.0562,0.0326,60
0.755,0.548,105.026,0.622,-7.252,0.00141,0.0251,36
0.202,0.389,83.019,0.187,-15.121,0.887,0.0375,59
0.75,0.859,98.691,0.857,-8.325,0.0193,0.303,71
0.91,0.454,125.116,0.629,-7.766,0.0866,0.0448,84
0.752,0.809,92.14,0.858,-3.638,0.114,0.206,74
0.368,0.639,89.94,0.415,-14.096,0.245,0.048,62
0.975,0.45,183.055,0.565,-1.674,0.00988,0.119,28
0.925,0.139,85.949,0.00271,-32.267,0.131,0.0474,25
0.464,0.82,109.374,0.872,-8.45,0.156,0.0481,64
0.787,0.816,99.957,0.841,-2.405,0.153,0.0622,70
0.442,0.513,81.201,0.243,-13.529,0.00731,0.0343,77
0.61,0.679,123.978,0.554,-10.936,0.585,0.0305,76
0.855,0.666,125.639,0.803,-5.051,0.179,0.0295,84
0.767,0.58,151.845,0.776,-4.174,0.313,0.0557,67
0.529,0.438,136.147,0.395,-9.224,0.0113,0.0324,63
0.692,0.552,144.666,0.543,-5.54,0.339,0.0593,60
0.877,0.592,117.106,0.712,-4.05,0.0095,0.0502,64
0.549,0.624,165.991,0.115,-7.4,0.109,0.0329,63
0.557,0.707,113.023,0.124,-8.848,0.185,0.0356,54
0.986,0.486,180.085,0.501,-4.71,0.000662,0.0818,70
0.542,0.665,97.975,0.587,-8.323,0.123,0.033,76
0.845,0.369,78.532,0.782,-3.449,0.0493,0.0611,71
0.574,0.59,82.047,0.854,-8.758,0.78,0.033,46
0.267,0.62,52.67,0.428,-13.317,0.754,0.061,12
0.945,0.653,126.093,0.326,-2.634,0.00561,0.096,68
0.657,0.446,152.132,0.215,-4.494,0.0022,0.0262,67
0.913,0.417,144.591,0.439,-6.049,0.00248,0.0441,62
0.522,0.668,107.979,0.718,-7.42,0.696,0.0311,0
0.466,0.58,139.973,0.279,-9.276,0.011,0.0384,52
0.822,0.465,89.761,0.405,-4.826,0.136,0.066,66
0.453,0.555,120.779,0.502,-7.498,0.133,0.0354,22
0.759,0.643,191.959,0.46,-4.693,0.00258,0.156,0
0.75,0.803,106.0,0.628,-4.67,0.0233,0.0551,0
0.356,0.729,95.026,0.392,-13.743,0.0916,0.0347,61
0.854,0.952,116.942,0.638,-8.304,0.0813,0.195,10
0.996,0.411,187.933,0.762,-2.392,0.00351,0.0946,30
0.877,0.74,125.033,0.377,-8.357,0.372,0.0497,60
0.486,0.703,85.873,0.188,-9.182,0.524,0.336,37
0.074,0.522,135.298,0.342,-23.625,0.929,0.0598,65
0.978,0.547,94.703,0.647,-2.732,0.0626,0.254,57
0.747,0.675,121.033,0.159,-4.742,0.0159,0.0406,60
0.423,0.68,85.042,0.686,-6.279,0.597,0.0321,60
0.682,0.496,128.135,0.952,-10.56,0.803,0.0328,24
0.26,0.826,110.079,0.245,-15.202,0.538,0.168,61
0.309,0.444,104.745,0.0875,-10.956,0.795,0.062,72
0.766,0.957,128.019,0.515,-4.567,0.108,0.223,63
0.981,0.233,145.009,0.17,-5.769,0.000282,0.105,0
0.968,0.654,171.89,0.913,-3.286,0.136,0.118,40
0.781,0.432,139.432,0.197,-4.038,0.041,0.0567,74
0.443,0.624,97.857,0.569,-7.544,0.799,0.3,66
0.649,0.765,124.043,0.251,-6.16,0.00288,0.104,37
0.313,0.576,75.775,0.254,-6.489,0.853,0.0265,27
0.918,0.504,92.031,0.539,-3.463,0.00164,0.0517,68
0.949,0.699,126.07,0.186,-2.994,0.00872,0.0739,60
0.716,0.722,171.96,0.626,-4.089,0.132,0.0696,66
0.934,0.463,168.005,0.649,-3.566,0.0223,0.141,60
0.995,0.75,132.052,0.716,-6.776,0.229,0.0778,13
0.559,0.772,100.056,0.794,-8.735,0.556,0.124,52
0.975,0.506,119.946,0.102,-4.609,4.31e-06,0.0763,0
0.739,0.496,132.41,0.378,-7.193,0.0211,0.0415,79
0.596,0.665,110.055,0.644,-6.969,0.293,0.0278,70
0.7,0.694,127.965,0.261,-5.53,0.191,0.0488,71
0.269,0.51,98.006,0.26,-18.953,0.957,0.0404,45
0.708,0.886,109.976,0.965,-5.915,0.107,0.0911,5
0.912,0.416,115.611,0.352,-5.188,4.42e-05,0.133,13
0.635,0.587,96.519,0.591,-5.47,0.0353,0.0377,60
0.84,0.783,95.001,0.839,-3.416,0.174,0.051,72
0.607,0.386,147.207,0.532,-7.7,0.0112,0.0261,74
0.914,0.522,137.939,0.0364,-8.285,0.000164,0.0379,76
0.381,0.731,113.039,0.604,-7.261,0.487,0.0276,29
0.515,0.457,74.984,0.222,-4.31,0.358,0.0261,69
0.537,0.682,124.574,0.963,-10.254,0.218,0.0323,70
0.902,0.615,135.46,0.909,-7.232,0.464,0.0331,61
0.659,0.692,90.023,0.26,-4.909,0.00832,0.0585,47
0.626,0.39,80.601,0.403,-7.252,0.372,0.0561,37
0.582,0.707,115.017,0.272,-6.308,0.0153,0.0268,60
0.684,0.665,73.986,0.927,-7.049,0.247,0.106,70
0.123,0.516,81.945,0.384,-14.693,0.863,0.0295,21
0.0549,0.187,71.308,0.0386,-29.833,0.986,0.0472,60
0.956,0.437,192.076,0.437,-5.064,3.37e-05,0.0635,23
0.655,0.468,144.045,0.222,-6.384,0.0149,0.0296,64
0.782,0.498,103.077,0.129,-6.231,0.0922,0.0783,54
0.906,0.711,125.916,0.824,-2.671,0.00952,0.0284,70
0.611,0.454,143.862,0.109,-10.152,0.00192,0.0531,49
0.625,0.519,120.103,0.21,-5.909,0.349,0.0482,77
0.797,0.677,90.012,0.761,-3.817,0.51,0.0266,11
0.573,0.664,76.023,0.566,-6.519,0.613,0.0277,79
0.702,0.561,149.998,0.592,-6.965,0.0172,0.0311,8
0.95,0.325,175.317,0.612,-5.906,0.000155,0.0554,31
0.705,0.779,140.005,0.196,-5.891,0.00471,0.163,3
0.646,0.704,141.87,0.64,-6.658,0.0104,0.0596,70
0.63,0.32,203.443,0.323,-7.019,0.192,0.0493,62
0.33,0.401,138.711,0.332,-9.681,0.86,0.0304,39
0.423,0.63,90.019,0.319,-7.705,0.507,0.0318,65
0.587,0.696,104.984,0.422,-6.801,0.678,0.0353,60
0.583,0.257,160.127,0.217,-8.185,0.603,0.0429,64
0.57,0.409,128.657,0.336,-10.54,0.687,0.0711,0
0.861,0.245,91.056,0.483,-8.728,0.000256,0.0415,51
0.843,0.486,90.016,0.412,-6.085,7.21e-05,0.0635,0
0.21,0.405,100.577,0.174,-13.214,0.584,0.0279,70
0.848,0.602,129.02,0.469,-4.404,0.00423,0.048,34
0.969,0.402,173.847,0.262,-2.825,9.14e-05,0.181,72
0.346,0.672,123.76,0.561,-9.903,0.995,0.092,16
0.928,0.442,169.847,0.601,-4.096,0.0257,0.207,64
0.582,0.676,124.012,0.447,-7.58,0.221,0.128,65
0.599,0.379,155.163,0.459,-6.26,0.488,0.0323,29
0.961,0.749,116.037,0.859,-6.518,0.00512,0.0874,67
0.596,0.309,164.587,0.161,-5.599,0.101,0.0293,74
0.531,0.55,98.014,0.364,-7.431,0.256,0.0309,0
0.832,0.385,119.357,0.343,-11.569,0.000175,0.149,22
0.472,0.748,149.97,0.364,-9.266,0.596,0.125,71
0.521,0.523,133.953,0.661,-4.746,0.607,0.159,77
0.909,0.648,154.925,0.613,-4.828,0.015,0.0633,32
0.356,0.748,137.641,0.59,-13.473,0.205,0.176,45
0.419,0.422,79.883,0.325,-9.049,0.741,0.0302,52
0.537,0.411,117.735,0.0759,-6.894,0.402,0.0287,40
0.588,0.549,79.495,0.545,-10.875,0.529,0.0294,51
0.98,0.268,100.315,0.395,-5.958,0.0192,0.103,74
0.64,0.245,135.739,0.105,-7.426,0.131,0.0608,78
0.646,0.525,86.957,0.373,-4.963,0.304,0.0268,70
0.892,0.419,139.972,0.0939,-6.196,0.00295,0.136,45
0.632,0.74,137.011,0.697,-5.637,0.421,0.0334,39
0.481,0.523,137.985,0.198,-9.757,0.93,0.0269,42
0.412,0.805,125.018,0.779,-12.43,0.00319,0.0531,9
0.711,0.517,108.846,0.582,-5.84,0.000763,0.0627,61
0.878,0.486,180.008,0.205,-3.068,1.52e-05,0.151,51
0.857,0.715,133.027,0.755,-4.984,0.376,0.126,26
0.373,0.368,81.902,0.124,-5.001,0.976,0.041,0
0.871,0.624,161.666,0.886,-3.498,0.386,0.0352,48
0.974,0.524,127.972,0.577,-7.205,7.45e-05,0.0919,44
0.638,0.462,145.271,0.482,-5.653,0.248,0.0271,41
0.396,0.513,140.208,0.229,-13.061,0.251,0.0299,73
0.328,0.536,175.975,0.546,-18.843,0.387,0.0647,55
0.866,0.27,148.938,0.108,-6.132,0.000408,0.085,32
0.517,0.494,76.707,0.602,-10.936,0.61,0.391,31
0.726,0.7,130.109,0.641,-7.717,0.434,0.0329,68
0.968,0.312,103.005,0.3,-3.316,0.000305,0.418,61
0.842,0.827,130.797,0.816,-9.589,0.16,0.106,15
0.458,0.234,76.028,0.2,-16.513,0.0823,0.0347,12
0.867,0.531,169.942,0.0597,-4.392,0.00874,0.0467,40
0.328,0.629,74.953,0.389,-8.284,0.768,0.029,80
0.444,0.523,122.276,0.348,-9.144,0.679,0.0305,23
0.899,0.656,124.451,0.544,-5.095,0.00201,0.0303,38
0.548,0.592,109.946,0.583,-6.483,0.436,0.0282,62
0.959,0.486,84.997,0.527,-3.857,0.000203,0.0485,57
0.979,0.512,137.794,0.535,-4.267,0.0513,0.156,61
0.701,0.696,117.99,0.491,-9.277,0.593,0.041,60
0.684,0.635,120.269,0.892,-11.687,0.088,0.0329,59
0.964,0.392,167.024,0.269,-4.441,7.13e-05,0.0644,74
0.714,0.683,173.963,0.448,-4.898,0.181,0.252,80
0.962,0.687,133.0,0.354,-4.995,0.0063,0.0397,23
0.715,0.812,104.971,0.668,-3.879,0.0602,0.0391,0
0.527,0.915,117.133,0.967,-9.869,0.465,0.0465,31
0.843,0.485,78.001,0.602,-3.993,0.00129,0.0467,73
0.342,0.403,73.534,0.154,-10.144,0.497,0.175,1
0.46,0.525,98.007,0.33,-8.594,0.826,0.0246,63
0.486,0.601,67.607,0.514,-10.852,0.862,0.116,33
0.831,0.453,113.953,0.721,-7.03,0.00304,0.0401,21
0.165,0.647,75.978,0.59,-16.328,0.894,0.0315,0
0.766,0.705,138.033,0.279,-8.432,0.511,0.033,67
0.868,0.705,124.032,0.355,-5.477,0.0102,0.0808,40
0.617,0.826,107.971,0.563,-5.815,0.0115,0.0683,34
0.75,0.331,185.97,0.26,-5.202,6.86e-05,0.0436,61
0.939,0.545,155.109,0.546,-1.783,0.158,0.119,20
0.901,0.404,171.948,0.715,-5.991,0.0035,0.0616,55
0.467,0.703,131.915,0.565,-7.498,0.653,0.0335,31
0.577,0.717,104.927,0.235,-5.436,0.708,0.0491,78
0.448,0.556,80.754,0.338,-9.131,0.884,0.0314,0
0.989,0.449,173.042,0.312,-2.42,0.000247,0.171,29
0.452,0.563,91.98,0.581,-8.96,0.877,0.048,27
0.83,0.595,139.922,0.494,-3.836,0.046,0.0379,66
0.952,0.391,188.002,0.743,-1.958,0.0484,0.0589,33
0.963,0.51,155.976,0.57,-2.662,0.00806,0.0523,61
0.427,0.459,139.902,0.354,-7.734,0.114,0.0267,76
0.912,0.575,117.399,0.843,-7.275,0.0916,0.0393,72
0.471,0.233,182.161,0.277,-10.947,0.363,0.0294,68
0.402,0.71,106.024,0.136,-9.91,0.873,0.0274,28
0.973,0.442,164.852,0.635,-2.01,0.0268,0.156,57
0.752,0.489,192.133,0.179,-5.422,0.665,0.0372,65
0.6,0.548,143.961,0.296,-5.049,0.071,0.0297,62
0.48,0.414,148.087,0.155,-8.519,0.274,0.0329,43
0.895,0.792,94.968,0.794,-3.112,0.165,0.0589,79
0.543,0.727,127.0,0.423,-9.773,0.0264,0.0549,39
0.936,0.324,164.402,0.899,-5.967,0.0185,0.129,25
0.564,0.695,79.857,0.271,-6.884,0.0998,0.258,35
0.143,0.689,85.398,0.528,-17.374,0.97,0.264,66
0.736,0.775,100.988,0.362,-8.072,0.319,0.247,82
0.784,0.799,96.953,0.26,-5.207,0.11,0.0519,69
0.7,0.843,93.991,0.899,-3.563,0.0934,0.0803,85
0.795,0.4,190.097,0.702,-3.731,0.119,0.461,80
0.639,0.739,121.962,0.303,-6.838,0.168,0.0299,52
0.99,0.558,138.074,0.0738,-3.877,0.000206,0.128,62
0.479,0.87,104.059,0.717,-7.779,0.161,0.165,1
0.974,0.586,180.008,0.273,-3.468,0.0046,0.192,0
0.697,0.481,139.975,0.271,-4.878,0.131,0.0328,38
0.371,0.506,79.01,0.45,-9.648,0.782,0.0717,0
0.551,0.271,143.899,0.2,-8.46,0.0307,0.0272,71
0.634,0.653,160.013,0.306,-5.875,0.0232,0.0391,74
0.625,0.592,166.018,0.555,-6.203,0.618,0.2,77
0.0891,0.446,92.73,0.221,-20.31,0.991,0.0399,0
0.713,0.607,124.868,0.611,-5.105,0.56,0.03,76
0.97,0.132,83.561,0.0371,-5.904,4.29e-06,0.102,17
0.973,0.314,101.843,0.0598,-5.53,1.17e-05,0.0852,24
0.683,0.722,125.003,0.0521,-11.111,8.14e-05,0.043,8
0.147,0.212,105.168,0.155,-19.979,0.969,0.0406,0
0.296,0.508,82.532,0.134,-10.513,0.897,0.0755,0
0.923,0.695,108.014,0.551,-3.93,0.0425,0.0522,82
0.5,0.737,124.986,0.724,-6.447,0.00831,0.0456,29
0.69,0.847,125.004,0.692,-7.877,0.0127,0.0493,90
0.294,0.6,86.97,0.342,-12.301,0.871,0.0292,71
0.0797,0.38,109.091,0.0668,-18.041,0.991,0.0438,55
0.766,0.511,104.046,0.331,-7.403,0.109,0.0359,44
0.742,0.659,106.947,0.729,-4.624,0.146,0.0283,63
0.75,0.803,106.0,0.628,-4.67,0.0233,0.0551,68
0.716,0.649,99.988,0.163,-5.371,0.0863,0.0349,84
0.87,0.788,109.974,0.884,-5.217,0.123,0.177,67
0.796,0.756,99.993,0.438,-6.333,0.218,0.0646,43
0.4,0.686,139.946,0.34,-9.326,0.865,0.0353,34
0.97,0.522,121.054,0.488,-4.576,5.53e-05,0.209,61
0.949,0.487,110.02,0.406,-4.217,0.000429,0.0798,70
0.766,0.704,133.99,0.0646,-8.238,0.000703,0.0571,45
0.475,0.619,119.214,0.542,-12.042,0.755,0.0339,16
0.666,0.661,92.475,0.381,-5.932,0.457,0.0277,71
0.262,0.144,94.43,0.0345,-21.228,0.876,0.0641,16
0.961,0.468,94.926,0.31,-4.082,0.00364,0.114,64
0.813,0.547,149.942,0.388,-6.425,0.0514,0.314,0
0.788,0.688,101.006,0.774,-3.064,0.0164,0.0436,0
0.884,0.689,144.011,0.177,-7.416,7.08e-05,0.0556,31
0.833,0.734,94.072,0.941,-3.762,0.458,0.338,21
0.687,0.41,132.559,0.967,-11.598,0.0787,0.0314,20
0.473,0.647,129.961,0.227,-6.847,0.728,0.0353,60
0.851,0.579,104.021,0.77,-4.981,0.1,0.0392,40
0.158,0.384,103.0,0.574,-21.111,0.93,0.0308,22
0.426,0.372,123.993,0.287,-8.421,0.687,0.0339,66
0.622,0.651,136.239,0.96,-14.889,0.00935,0.0322,23
0.955,0.691,164.844,0.499,-6.174,4.33e-05,0.0818,19
0.194,0.0828,171.933,0.0489,-17.49,0.898,0.0349,20
0.851,0.593,119.987,0.344,-5.456,0.0683,0.0446,71
0.61,0.448,123.762,0.214,-2.695,0.0102,0.0342,70
0.794,0.728,112.017,0.0911,-5.852,0.000779,0.0257,60
0.962,0.635,132.017,0.311,-2.699,0.0458,0.053,50
0.54,0.675,119.997,0.562,-11.309,0.00697,0.0503,33
0.848,0.496,112.916,0.21,-5.073,0.624,0.0823,41
0.729,0.68,123.97,0.446,-5.077,0.612,0.0475,79
0.908,0.645,104.233,0.877,-4.682,0.421,0.0997,60
0.145,0.492,90.078,0.218,-14.504,0.872,0.0422,0
0.705,0.582,128.89,0.64,-8.169,0.29,0.0539,0
0.672,0.708,93.886,0.399,-7.493,0.322,0.0582,72
0.733,0.81,125.975,0.9,-6.338,0.276,0.0444,80
0.917,0.51,75.098,0.313,-4.806,0.0054,0.0854,74
0.0244,0.462,74.267,0.128,-28.993,0.981,0.0385,60
0.725,0.606,136.815,0.963,-7.019,0.831,0.0352,57
0.664,0.64,134.002,0.879,-4.73,0.196,0.0289,32
0.978,0.666,139.991,0.63,-5.118,0.0149,0.0925,55
0.655,0.743,172.031,0.785,-5.015,0.114,0.159,79
0.673,0.797,122.991,0.429,-7.691,0.175,0.0745,27
0.95,0.604,137.016,0.473,-4.186,0.0015,0.0866,29
0.651,0.878,105.023,0.25,-6.43,0.186,0.316,37
0.942,0.608,143.979,0.46,-3.401,0.0235,0.0696,40
0.758,0.773,144.033,0.925,-4.993,0.0422,0.0381,81
0.469,0.363,171.988,0.102,-8.404,0.794,0.0528,67
0.572,0.544,169.885,0.52,-6.205,0.118,0.0319,0
0.236,0.159,96.834,0.0345,-17.35,0.916,0.0381,0
0.996,0.569,100.02,0.461,-0.45,0.198,0.224,65
0.988,0.413,185.034,0.362,-1.729,0.00123,0.205,53
0.88,0.658,83.888,0.963,-2.572,0.152,0.0653,48
0.849,0.636,156.036,0.917,-7.075,0.0438,0.106,74
0.91,0.552,126.007,0.369,-3.226,0.224,0.0385,63
0.8,0.629,87.51,0.0947,-4.82,0.0358,0.0418,20
0.886,0.603,126.025,0.395,-3.777,0.00045,0.0837,72
0.534,0.693,124.04,0.304,-9.103,0.0552,0.028,28
0.499,0.489,133.341,0.829,-9.702,0.74,0.0271,61
0.452,0.752,99.684,0.833,-11.399,0.133,0.35,66
0.409,0.76,101.975,0.231,-7.601,0.202,0.0428,43
0.331,0.557,108.208,0.506,-10.184,0.786,0.0269,49
0.671,0.302,109.866,0.0533,-7.555,0.351,0.0386,11
0.305,0.563,84.316,0.333,-12.784,0.643,0.0261,22
0.85,0.673,100.008,0.793,-5.021,0.0345,0.0337,65
0.945,0.689,199.554,0.94,-1.741,0.0607,0.365,20
0.798,0.654,92.207,0.574,-4.084,0.188,0.0451,69
0.733,0.481,122.903,0.874,-7.633,0.573,0.165,60
0.656,0.46,85.358,0.73,-6.96,0.768,0.0401,43
0.88,0.417,149.987,0.579,-4.022,0.167,0.0521,0
0.701,0.871,126.975,0.716,-5.594,0.257,0.0458,79
0.948,0.609,144.037,0.786,-4.938,0.00404,0.113,0
0.803,0.807,91.987,0.706,-4.156,0.602,0.126,75
0.269,0.608,126.372,0.389,-7.201,0.983,0.0329,63
0.453,0.603,135.028,0.384,-8.501,0.45,0.0307,64
0.399,0.585,128.03,0.349,-8.133,0.849,0.0286,63
0.472,0.545,134.027,0.193,-7.552,0.434,0.0279,65
0.363,0.349,169.928,0.103,-11.718,0.537,0.0394,49
0.496,0.715,76.512,0.71,-9.487,0.648,0.0589,0
0.794,0.452,137.825,0.282,-5.151,0.0111,0.0483,58
0.937,0.714,124.13,0.964,-2.947,0.206,0.0399,74
0.38,0.781,144.887,0.548,-12.077,0.0821,0.0492,23
0.821,0.633,105.917,0.579,-3.294,0.142,0.0255,35
0.954,0.447,123.453,0.331,-8.069,0.0235,0.0751,80
0.562,0.705,163.893,0.569,-3.378,0.257,0.0674,4
0.779,0.823,95.484,0.96,-5.943,0.201,0.0492,0
0.179,0.703,97.427,0.346,-10.906,0.949,0.0366,71
0.223,0.539,135.925,0.379,-16.999,0.952,0.0366,44
0.641,0.885,91.167,0.201,-4.455,0.175,0.351,61
0.407,0.776,122.889,0.749,-8.282,0.644,0.0649,49
0.796,0.812,125.976,0.961,-10.548,0.00826,0.0356,67
0.268,0.393,110.456,0.225,-6.741,0.697,0.0385,50
0.396,0.513,140.208,0.229,-13.061,0.251,0.0299,73
0.404,0.715,104.438,0.709,-9.706,0.583,0.0262,0
0.687,0.586,81.009,0.503,-5.079,0.591,0.0258,63
0.574,0.551,143.734,0.308,-6.265,0.0203,0.0263,64
0.717,0.616,167.99,0.72,-6.178,0.194,0.11,0
0.261,0.556,110.841,0.219,-11.668,0.797,0.0289,67
0.56,0.507,127.318,0.592,-7.177,0.878,0.034,47
0.464,0.862,89.986,0.964,-12.442,0.686,0.0487,42
0.823,0.617,80.245,0.821,-4.782,0.407,0.172,40
0.0369,0.445,140.753,0.08,-21.594,0.989,0.0437,39
0.817,0.883,128.078,0.595,-5.414,0.601,0.235,72
0.619,0.79,124.995,0.285,-8.022,0.00069,0.037,10
0.71,0.688,128.025,0.521,-8.142,0.000702,0.038,10
0.905,0.714,125.927,0.838,-2.663,0.00855,0.0289,63
0.862,0.794,90.049,0.852,-3.965,0.246,0.223,63
0.875,0.806,125.063,0.917,-3.817,0.0838,0.088,75
0.78,0.69,126.07,0.238,-4.446,0.00733,0.0594,53
0.575,0.88,120.031,0.671,-6.091,0.415,0.163,78
0.786,0.656,180.115,0.642,-5.02,0.458,0.306,35
0.93,0.515,139.449,0.117,-1.845,0.0012,0.0724,45
0.864,0.564,95.984,0.534,-5.121,0.0761,0.0341,61
0.844,0.465,170.358,0.155,-4.352,0.00109,0.0379,61
0.0142,0.232,95.139,0.255,-24.701,0.996,0.0308,0
0.471,0.743,78.127,0.463,-11.865,0.693,0.443,48
0.468,0.397,141.569,0.167,-6.738,0.359,0.0277,15
0.464,0.546,116.327,0.731,-18.492,0.00383,0.0638,36
0.651,0.782,126.052,0.767,-6.005,0.0121,0.0601,67
0.926,0.74,106.987,0.571,-3.965,0.0376,0.112,62
0.922,0.581,118.408,0.596,-3.408,0.024,0.0666,62
0.505,0.51,114.532,0.318,-13.053,0.342,0.0344,60
0.312,0.265,54.747,0.0998,-11.689,0.243,0.0569,74
0.129,0.483,137.35,0.203,-20.149,0.947,0.0349,81
0.96,0.541,122.803,0.812,-2.947,0.0663,0.0505,82
0.873,0.306,198.387,0.452,-3.668,0.00105,0.0567,66
0.844,0.476,155.322,0.658,-5.253,1.81e-05,0.0431,60
0.366,0.464,133.264,0.314,-11.351,0.812,0.051,0
0.836,0.657,88.014,0.837,-3.399,0.376,0.127,63
0.952,0.632,126.967,0.098,-4.85,0.0122,0.0527,67
0.932,0.806,106.021,0.792,-2.228,0.24,0.0684,65
0.483,0.652,75.987,0.372,-9.964,0.658,0.291,63
0.264,0.43,104.083,0.286,-15.309,0.797,0.063,39
0.527,0.273,160.292,0.242,-12.993,0.47,0.0767,13
0.446,0.589,107.028,0.393,-8.68,0.453,0.0278,25
0.795,0.458,123.229,0.513,-3.265,0.00316,0.0574,80
0.902,0.404,115.669,0.497,-3.88,0.577,0.0665,74
0.822,0.727,146.06,0.802,-4.323,0.355,0.0377,31
0.438,0.641,67.529,0.343,-7.029,0.905,0.132,67
0.464,0.901,109.004,0.638,-9.789,0.368,0.0645,81
0.964,0.5,159.971,0.662,-4.19,0.00723,0.124,71
0.737,0.332,154.014,0.114,-8.767,0.000815,0.0504,17
0.574,0.617,91.769,0.396,-9.768,0.23,0.0276,68
0.921,0.266,88.255,0.399,-6.115,0.000736,0.0387,24
0.985,0.51,100.003,0.295,-7.518,0.00179,0.107,17
0.956,0.733,125.022,0.428,-8.004,0.0645,0.0618,3
0.648,0.861,121.942,0.34,-6.286,0.126,0.193,43
0.86,0.674,122.975,0.771,-3.318,0.155,0.0369,0
0.467,0.621,107.164,0.227,-4.835,0.632,0.0273,67
0.754,0.603,122.02,0.728,-5.284,0.00821,0.0289,23
0.857,0.414,128.024,0.348,-4.078,0.0287,0.0808,76
0.49,0.306,95.781,0.468,-10.29,0.608,0.0384,0
0.67,0.363,150.15,0.198,-6.652,0.000582,0.0552,0
0.866,0.612,149.949,0.469,-2.789,0.0387,0.0922,33
0.823,0.642,112.005,0.826,-3.68,0.000281,0.0612,62
0.587,0.545,123.107,0.359,-4.842,0.414,0.0634,67
0.787,0.336,140.003,0.383,-8.803,0.0793,0.0732,70
0.311,0.5,79.951,0.136,-13.173,0.543,0.029,13
0.963,0.591,125.03,0.609,-6.489,8.74e-05,0.0531,76
0.539,0.728,122.86,0.533,-9.411,0.311,0.577,33
0.978,0.316,199.92,0.354,-4.453,0.000251,0.186,29
0.911,0.665,129.975,0.688,-8.088,0.124,0.0357,32
0.528,0.773,79.747,0.697,-10.862,0.00541,0.0631,28
0.777,0.8,127.008,0.249,-6.526,0.00278,0.0405,49
0.532,0.495,140.004,0.0514,-8.846,0.0227,0.0528,58
0.703,0.639,169.888,0.138,-6.33,0.0889,0.0794,87
0.985,0.456,143.006,0.183,-2.949,0.000235,0.207,68
0.357,0.743,79.981,0.447,-10.705,0.669,0.0486,44
0.563,0.611,112.214,0.659,-7.59,0.901,0.0385,18
0.536,0.325,101.483,0.218,-6.04,0.614,0.0323,0
0.741,0.625,105.979,0.212,-6.818,0.00918,0.0489,0
0.526,0.461,120.011,0.0401,-10.668,0.00142,0.0506,59
0.867,0.665,118.996,0.648,-5.577,0.00243,0.0287,10
0.759,0.724,101.943,0.765,-3.996,0.411,0.0544,4
0.809,0.692,123.911,0.864,-4.198,0.524,0.0602,73
0.655,0.518,156.992,0.29,-6.255,0.381,0.0826,76
0.886,0.557,114.025,0.17,-4.196,0.000595,0.0498,65
0.827,0.619,123.007,0.396,-8.072,0.00542,0.0307,19
0.302,0.357,72.518,0.135,-14.526,0.862,0.0303,66
0.81,0.783,80.325,0.792,-5.126,0.111,0.178,34
0.533,0.704,94.056,0.695,-6.94,0.587,0.0315,0
0.62,0.62,144.835,0.459,-6.322,0.0388,0.0375,77
0.15,0.554,87.956,0.314,-16.746,0.974,0.0338,66
0.977,0.718,125.983,0.259,-1.824,0.143,0.0668,61
0.856,0.684,117.027,0.343,-2.676,0.342,0.0411,71
0.388,0.432,177.549,0.256,-7.687,0.776,0.1,63
0.714,0.786,119.956,0.269,-10.344,0.000726,0.0595,9
0.266,0.271,79.079,0.163,-13.703,0.845,0.0348,68
0.939,0.251,176.069,0.202,-4.191,6.12e-06,0.0987,12
0.482,0.864,133.234,0.964,-16.789,0.664,0.225,66
0.705,0.621,85.036,0.437,-5.604,0.195,0.222,61
0.957,0.585,92.111,0.604,-6.025,0.0171,0.0943,22
0.806,0.404,148.036,0.112,-4.75,0.198,0.0496,63
0.756,0.621,124.039,0.265,-5.623,0.0752,0.114,69
0.664,0.574,144.654,0.226,-6.068,0.0448,0.0409,83
0.681,0.81,98.203,0.48,-5.474,0.146,0.0734,48
0.781,0.587,149.982,0.723,-7.602,0.000116,0.055,63
0.672,0.722,103.004,0.646,-7.708,0.0715,0.268,47
0.453,0.589,139.148,0.513,-8.912,0.703,0.0397,71
0.895,0.792,94.968,0.794,-3.112,0.165,0.0589,79
0.364,0.629,166.266,0.701,-12.259,0.467,0.038,67
0.639,0.608,96.915,0.369,-7.205,0.0208,0.0246,64
0.646,0.867,88.634,0.67,-4.674,0.303,0.288,77
0.156,0.5,173.794,0.405,-11.472,0.87,0.0469,64
0.616,0.586,148.088,0.719,-7.964,0.182,0.0324,2
0.681,0.48,88.003,0.74,-8.002,0.284,0.163,61
0.276,0.587,81.994,0.25,-11.015,0.461,0.0353,39
0.373,0.431,128.153,0.253,-15.142,0.389,0.0346,71
0.577,0.512,117.735,0.689,-10.046,0.258,0.0299,28
0.849,0.62,150.083,0.78,-3.563,0.154,0.0336,37
0.308,0.583,118.226,0.241,-18.303,0.581,0.0465,59
0.866,0.578,128.038,0.619,-3.804,0.00701,0.0619,83
0.768,0.246,169.873,0.35,-7.48,0.000631,0.0387,70
0.701,0.537,120.919,0.583,-8.913,0.0972,0.0335,75
0.495,0.743,102.117,0.396,-6.462,0.0309,0.048,62
0.89,0.589,90.598,0.692,-3.719,0.000481,0.0603,80
0.329,0.791,127.021,0.526,-12.906,0.6,0.0592,68
0.832,0.686,127.023,0.884,-5.673,0.000321,0.0725,67
0.981,0.453,161.84,0.566,-3.44,0.0094,0.0933,37
0.648,0.703,160.058,0.446,-13.394,0.257,0.074,11
0.666,0.352,169.965,0.227,-4.909,0.117,0.0512,70
0.695,0.691,106.064,0.514,-5.6,0.0592,0.0367,76
0.459,0.657,82.821,0.139,-13.095,0.0591,0.04,50
0.778,0.505,140.493,0.284,-4.778,0.0277,0.0398,65
0.864,0.512,138.018,0.527,-4.146,0.000821,0.0338,70
0.865,0.545,99.009,0.543,-5.708,0.00664,0.0286,80
0.292,0.711,103.951,0.194,-15.523,0.313,0.037,78
0.846,0.633,89.23,0.448,-6.347,0.000819,0.0337,71
0.595,0.573,160.045,0.394,-7.344,0.389,0.3,38
0.615,0.456,78.461,0.416,-5.454,0.614,0.0529,0
0.799,0.633,142.991,0.534,-4.625,0.0144,0.0427,74
0.816,0.715,135.075,0.783,-4.547,0.43,0.0958,18
0.573,0.731,109.928,0.145,-10.059,0.401,0.0544,80
0.186,0.691,86.383,0.548,-13.672,0.686,0.0487,65
0.67,0.815,172.014,0.768,-4.076,0.0902,0.109,81
0.837,0.835,138.004,0.969,-6.204,0.0287,0.0704,28
0.788,0.687,123.02,0.669,-5.142,0.0121,0.0352,74
0.968,0.417,92.065,0.537,-7.879,0.159,0.0505,18
0.743,0.64,122.035,0.361,-4.08,0.269,0.0379,80
0.82,0.587,94.013,0.803,-6.912,0.0693,0.0318,31
0.882,0.506,107.994,0.14,-8.683,0.000655,0.0737,67
0.795,0.542,92.234,0.431,-3.63,0.00506,0.0368,77
0.9,0.632,100.019,0.809,-4.102,0.511,0.0371,32
0.478,0.509,75.011,0.469,-8.973,0.606,0.0561,0
0.481,0.531,138.45,0.491,-11.709,0.699,0.06,76
0.812,0.691,127.568,0.685,-7.772,0.0433,0.0558,73
0.702,0.456,173.963,0.183,-8.934,0.0183,0.0351,36
0.576,0.58,187.891,0.739,-7.467,0.0157,0.0717,30
0.415,0.813,91.921,0.667,-5.926,0.777,0.0349,74
0.842,0.706,104.958,0.818,-4.628,0.0476,0.038,72
0.701,0.749,129.624,0.789,-7.26,0.444,0.0286,28
0.534,0.817,116.013,0.47,-11.808,0.0341,0.16,61
0.351,0.609,72.019,0.376,-8.49,0.77,0.0247,49
0.143,0.771,106.17,0.278,-13.835,0.968,0.0476,22
0.41,0.473,113.674,0.151,-10.925,0.603,0.043,53
0.142,0.231,132.44,0.238,-18.806,0.877,0.0466,25
0.854,0.599,119.986,0.311,-5.429,0.0746,0.0436,70
0.515,0.647,115.12,0.254,-12.648,0.0424,0.0335,16
0.884,0.612,178.043,0.679,-4.113,0.0759,0.0454,71
0.371,0.605,149.566,0.496,-10.487,0.396,0.0431,71
0.544,0.596,115.022,0.262,-11.759,0.604,0.0362,68
0.959,0.402,174.163,0.574,-1.762,0.136,0.181,18
0.673,0.761,160.077,0.438,-5.887,0.0917,0.215,60
0.665,0.389,117.055,0.199,-6.169,0.178,0.0644,74
0.462,0.835,78.99,0.702,-6.227,0.513,0.155,73
0.966,0.703,124.005,0.253,-4.632,0.00733,0.047,5
0.681,0.377,108.789,0.285,-8.039,0.00088,0.0298,79
0.785,0.56,103.493,0.75,-8.679,0.566,0.11,42
0.713,0.643,113.973,0.714,-8.235,0.123,0.0541,20
0.94,0.438,100.99,0.421,-3.249,8.74e-05,0.0452,72
0.82,0.39,166.054,0.561,-6.941,0.201,0.0493,38
0.663,0.481,135.009,0.112,-8.081,0.000824,0.0314,43
0.818,0.714,92.004,0.541,-6.016,0.0724,0.0532,0
0.964,0.416,157.925,0.212,-2.967,2.35e-05,0.112,0
0.474,0.795,120.017,0.477,-8.166,0.0213,0.0642,0
0.551,0.72,126.051,0.245,-9.403,0.0423,0.221,57
0.516,0.383,118.144,0.371,-12.032,0.202,0.0344,67
0.325,0.532,133.984,0.234,-10.89,0.742,0.027,20
0.672,0.732,137.03,0.16,-8.462,0.0642,0.148,67
0.763,0.365,148.366,0.342,-9.45,0.00726,0.0591,76
0.703,0.836,94.048,0.902,-3.554,0.0845,0.0657,81
0.303,0.618,125.026,0.341,-14.709,0.927,0.0381,47
0.678,0.668,123.025,0.135,-9.618,0.0643,0.0415,39
0.652,0.646,123.009,0.531,-10.957,0.586,0.0401,43
0.965,0.561,128.04,0.304,-3.673,0.00383,0.0343,0
0.484,0.567,80.557,0.843,-8.201,0.805,0.0397,45
0.858,0.787,105.0,0.814,-4.152,0.405,0.0373,0
0.687,0.493,177.98,0.152,-8.011,0.0302,0.0989,24
0.976,0.746,115.048,0.912,-3.123,0.188,0.187,66
0.368,0.614,119.873,0.346,-7.507,0.777,0.0366,47
0.876,0.647,151.925,0.949,-5.662,0.881,0.185,0
0.769,0.721,155.932,0.915,-4.111,0.0922,0.105,4
0.558,0.579,179.949,0.506,-6.986,0.0202,0.0895,78
0.704,0.43,118.242,0.703,-8.008,0.000155,0.0804,74
0.533,0.742,97.395,0.391,-9.098,0.459,0.0288,69
0.969,0.228,155.212,0.428,-4.07,0.000275,0.1,60
0.764,0.59,104.911,0.331,-4.735,0.229,0.0467,63
0.666,0.639,98.384,0.372,-7.775,0.271,0.0636,62
0.688,0.437,130.114,0.193,-5.315,0.0656,0.0364,42
0.95,0.431,191.936,0.56,-4.918,0.00105,0.26,71
0.408,0.457,80.403,0.218,-9.408,0.651,0.0414,62
0.927,0.634,128.016,0.35,-3.282,0.048,0.136,60
0.729,0.647,94.01,0.687,-6.251,0.0206,0.0236,74
0.741,0.659,122.013,0.454,-4.354,0.072,0.0388,4
0.634,0.423,150.978,0.467,-5.877,0.196,0.0578,74
0.487,0.486,81.972,0.373,-11.633,0.445,0.0341,64
0.598,0.708,112.027,0.698,-8.365,0.037,0.0291,1
0.425,0.701,135.128,0.562,-10.965,0.328,0.375,84
0.344,0.84,111.994,0.526,-8.613,0.456,0.0374,67
0.666,0.863,163.908,0.838,-4.158,0.212,0.152,0
0.62,0.746,113.493,0.766,-5.231,0.698,0.0501,38
0.392,0.668,135.936,0.323,-12.178,0.789,0.0585,73
0.749,0.889,99.996,0.52,-5.069,0.149,0.16,25
0.715,0.475,199.892,0.159,-5.371,0.0863,0.058,0
0.601,0.77,128.876,0.673,-11.28,0.201,0.0671,29
0.355,0.528,117.974,0.222,-13.865,0.685,0.034,22
0.519,0.611,147.979,0.462,-9.854,0.481,0.035,0
0.354,0.696,119.938,0.242,-14.043,0.767,0.0353,62
0.931,0.466,112.976,0.0711,-6.736,4.43e-06,0.0382,28
0.909,0.629,143.952,0.772,-6.125,0.0129,0.0586,52
0.576,0.616,89.962,0.269,-5.495,0.0723,0.0532,69
0.79,0.767,126.993,0.838,-6.157,0.048,0.0896,27
0.651,0.574,140.017,0.368,-7.585,0.346,0.046,63
0.644,0.646,99.999,0.251,-6.763,0.0243,0.031,71
0.801,0.609,122.958,0.202,-8.483,0.0246,0.0694,0
0.526,0.634,143.998,0.143,-8.21,0.172,0.036,60
0.691,0.735,110.018,0.548,-6.475,0.0876,0.0362,0
0.891,0.602,129.999,0.679,-9.36,0.0223,0.0463,16
0.837,0.431,170.041,0.648,-5.067,0.259,0.0432,0
0.678,0.533,80.96,0.683,-5.244,0.663,0.0256,53
0.0055,0.15,62.383,0.0468,-35.474,0.935,0.0424,63
0.026,0.415,136.191,0.268,-36.7,0.995,0.0496,64
0.9,0.6,99.557,0.695,-2.328,0.00872,0.0744,40
0.671,0.367,179.833,0.691,-4.604,0.222,0.0478,73
0.463,0.519,94.965,0.224,-8.88,0.327,0.0264,62
0.639,0.66,124.068,0.227,-6.61,0.345,0.0286,60
0.336,0.44,73.098,0.25,-11.082,0.409,0.0289,26
0.718,0.835,92.028,0.427,-5.62,0.226,0.0694,0
0.49,0.789,140.034,0.869,-6.588,0.784,0.0392,61
0.703,0.676,92.761,0.852,-5.815,0.0869,0.0302,80
0.809,0.73,101.965,0.825,-6.406,0.208,0.0876,70
0.718,0.835,92.028,0.427,-5.62,0.226,0.0694,0
0.666,0.851,126.019,0.842,-10.409,0.247,0.15,38
0.681,0.727,123.028,0.448,-7.114,0.00214,0.0265,78
0.733,0.791,105.853,0.962,-5.465,0.523,0.0633,72
0.532,0.585,94.461,0.68,-9.673,0.209,0.0268,72
0.338,0.689,128.012,0.568,-7.634,0.349,0.0629,72
0.685,0.699,178.054,0.612,-4.038,0.118,0.146,22
0.795,0.694,128.036,0.556,-4.649,0.015,0.0924,56
0.786,0.385,159.923,0.382,-5.198,0.00486,0.0406,34
0.845,0.803,104.036,0.865,-5.384,0.0394,0.073,46
0.806,0.513,95.031,0.858,-3.726,0.00126,0.0294,26
0.26,0.282,171.152,0.205,-12.348,0.865,0.0295,53
0.457,0.887,106.81,0.771,-4.132,0.542,0.178,45
0.988,0.307,119.772,0.0695,-3.101,1.68e-05,0.207,13
0.817,0.675,105.964,0.446,-3.789,0.00711,0.0497,72
0.296,0.536,122.907,0.151,-7.451,0.892,0.0346,77
0.881,0.486,144.997,0.667,-5.623,0.0244,0.0474,69
0.551,0.677,157.485,0.697,-9.477,0.393,0.0636,67
0.981,0.538,101.414,0.711,-2.688,0.00662,0.14,77
0.533,0.625,108.296,0.139,-11.903,0.659,0.0596,85
0.499,0.569,138.678,0.281,-7.872,0.756,0.288,53
0.724,0.643,143.892,0.654,-12.899,0.41,0.0428,25
0.364,0.558,129.17,0.252,-8.663,0.169,0.0502,63
0.719,0.793,83.925,0.435,-3.698,0.352,0.125,61
0.862,0.488,104.56,0.706,-7.595,0.0204,0.0476,77
0.417,0.615,117.982,0.117,-15.441,0.287,0.0373,52
0.391,0.286,80.274,0.364,-10.753,0.509,0.0408,5
0.619,0.878,136.041,0.639,-5.56,0.0533,0.102,79
0.677,0.378,106.071,0.648,-8.63,0.0635,0.0298,61
0.362,0.295,140.641,0.221,-5.63,0.599,0.0276,47
0.565,0.587,92.604,0.508,-9.249,0.731,0.0265,67
0.909,0.321,109.653,0.209,-4.612,1.62e-05,0.041,0
0.539,0.665,115.869,0.441,-6.062,0.714,0.0326,41
0.896,0.695,119.959,0.508,-1.24,0.179,0.0847,69
0.732,0.583,145.992,0.276,-5.728,0.00312,0.0457,74
0.692,0.302,175.989,0.177,-15.026,0.538,0.54,0
0.186,0.476,130.197,0.246,-18.485,0.994,0.0487,0
0.687,0.799,108.804,0.965,-5.682,0.193,0.0431,74
0.00202,0.0627,67.996,0.0397,-37.486,0.984,0.0467,64
0.845,0.423,116.602,0.317,-3.509,0.143,0.0559,72
0.148,0.617,141.778,0.336,-14.681,0.883,0.0386,23
0.491,0.699,86.391,0.865,-12.77,0.0208,0.288,28
0.912,0.589,123.946,0.426,-3.878,0.0366,0.0766,62
0.967,0.407,180.027,0.227,-7.104,0.000316,0.0666,60
0.54,0.362,78.007,0.3,-6.031,0.338,0.0528,86
0.54,0.581,127.86,0.418,-5.221,0.362,0.0269,22
0.973,0.481,99.331,0.362,-1.945,0.0037,0.0542,70
0.956,0.489,180.07,0.158,-2.264,0.00555,0.113,29
0.503,0.776,110.134,0.473,-5.732,0.874,0.237,79
0.426,0.495,97.91,0.0636,-9.434,0.152,0.0736,72
0.99,0.409,172.715,0.962,-2.084,0.02,0.115,0
0.823,0.558,116.01,0.652,-6.645,0.00163,0.0283,21
0.616,0.644,124.957,0.467,-3.928,0.0927,0.0391,63
0.278,0.267,119.394,0.0896,-10.066,0.843,0.0353,21
0.138,0.492,114.103,0.184,-27.362,0.991,0.0502,60
0.925,0.288,128.824,0.116,-7.852,1.75e-05,0.204,24
0.938,0.519,144.006,0.501,-6.244,0.00103,0.0377,62
0.622,0.394,126.844,0.342,-8.258,0.213,0.0336,71
0.623,0.47,77.861,0.298,-5.655,0.392,0.0302,72
0.856,0.654,129.928,0.574,-4.197,0.517,0.0586,61
0.307,0.65,118.087,0.604,-9.443,0.57,0.0393,0
0.9,0.442,148.62,0.609,-5.032,0.0109,0.0529,1
0.616,0.76,97.478,0.615,-17.847,0.00042,0.0814,17
0.46,0.78,124.007,0.788,-7.516,0.455,0.0851,70
0.991,0.375,87.064,0.179,-4.466,7.04e-05,0.177,35
0.948,0.545,141.507,0.355,-5.098,0.00335,0.0779,64
0.855,0.666,125.639,0.803,-5.051,0.179,0.0295,84
0.728,0.841,130.049,0.43,-3.37,0.0847,0.0484,84
0.543,0.682,127.526,0.112,-8.66,0.261,0.0688,73
0.959,0.304,101.764,0.0623,-8.706,0.232,0.0829,12
0.691,0.557,124.632,0.575,-4.825,0.321,0.0507,33
0.839,0.791,116.991,0.349,-2.887,0.0849,0.0424,67
0.524,0.748,95.01,0.661,-5.599,0.414,0.0338,84
0.3,0.361,114.941,0.125,-13.657,0.483,0.0335,61
0.893,0.639,126.143,0.966,-6.509,0.289,0.036,65
0.911,0.76,112.163,0.785,-8.193,0.119,0.0456,43
0.548,0.765,130.758,0.94,-4.634,0.372,0.0439,30
0.944,0.466,134.993,0.384,-4.103,0.000119,0.177,62
0.551,0.603,75.001,0.439,-6.259,0.0696,0.0304,70
0.386,0.518,173.994,0.11,-14.567,0.158,0.0381,8
0.856,0.689,126.108,0.706,-3.394,0.0493,0.0813,0
0.291,0.765,115.751,0.806,-14.456,0.787,0.0397,67
0.247,0.684,106.522,0.768,-13.71,0.872,0.0281,69
0.358,0.72,100.044,0.59,-9.776,0.495,0.0351,44
0.598,0.689,124.0,0.407,-8.748,0.00307,0.0848,33
0.694,0.549,196.112,0.122,-7.444,0.00072,0.0591,18
0.66,0.709,139.999,0.192,-9.118,0.00176,0.0966,48
0.818,0.589,148.022,0.0936,-6.956,0.00324,0.0483,22
0.789,0.843,125.071,0.571,-2.801,0.0028,0.247,78
0.574,0.617,91.769,0.396,-9.768,0.23,0.0276,68
0.254,0.303,82.059,0.699,-11.027,0.979,0.0372,18
0.796,0.692,111.993,0.737,-5.391,0.184,0.0258,25
0.781,0.592,127.994,0.289,-4.773,0.0036,0.0294,18
0.908,0.603,133.063,0.457,-5.254,0.0144,0.184,70
0.614,0.239,155.658,0.47,-9.819,0.0904,0.0773,62
0.162,0.171,114.473,0.0368,-15.387,0.709,0.0432,47
0.887,0.807,122.015,0.606,-4.311,0.016,0.0361,73
0.0993,0.38,174.874,0.44,-20.567,0.914,0.0509,68
0.803,0.725,117.391,0.403,-4.083,0.013,0.0337,71
0.881,0.455,137.949,0.201,-5.587,0.000566,0.0401,67
0.57,0.773,95.038,0.772,-3.482,0.372,0.113,71
0.486,0.876,85.047,0.239,-8.035,0.558,0.33,23
0.911,0.592,103.517,0.211,-7.975,0.00608,0.0659,66
0.212,0.695,124.072,0.328,-14.412,0.889,0.0412,53
0.696,0.663,180.113,0.738,-4.957,0.0561,0.103,68
0.75,0.454,115.006,0.0311,-13.807,0.348,0.0366,34
0.697,0.741,116.109,0.774,-7.028,0.0664,0.0277,84
0.624,0.651,120.243,0.587,-7.986,0.0825,0.307,0
0.617,0.687,121.079,0.665,-5.213,0.0941,0.0287,80
0.797,0.764,104.488,0.977,-6.558,0.486,0.0382,42
0.323,0.422,99.804,0.219,-8.786,0.796,0.0321,29
0.542,0.354,100.032,0.0483,-9.61,0.0815,0.12,61
0.688,0.74,115.035,0.935,-4.361,0.061,0.0916,75
0.349,0.632,133.956,0.284,-10.713,0.508,0.0283,14
0.217,0.715,119.902,0.509,-10.499,0.822,0.0319,66
0.707,0.719,100.019,0.602,-5.045,0.0172,0.0443,56
0.238,0.426,109.78,0.249,-19.704,0.905,0.113,49
0.959,0.453,186.142,0.625,-3.597,0.0433,0.0928,37
0.526,0.718,144.065,0.697,-9.523,0.735,0.0597,33
0.895,0.459,181.04,0.572,-3.126,0.00725,0.0805,77
0.31,0.39,177.515,0.584,-14.545,0.794,0.0676,64
0.638,0.728,130.014,0.872,-6.455,0.249,0.0336,80
0.475,0.594,128.281,0.454,-11.088,0.856,0.311,18
0.938,0.618,91.455,0.875,-3.442,0.0179,0.0456,82
0.677,0.797,130.034,0.919,-4.163,0.101,0.0857,0
0.588,0.638,84.613,0.849,-11.756,0.626,0.0357,32
0.259,0.432,123.101,0.208,-12.609,0.954,0.0396,0
0.711,0.422,128.066,0.321,-4.809,0.0176,0.0385,54
0.327,0.557,98.225,0.61,-13.651,0.844,0.0273,62
0.822,0.541,116.659,0.719,-10.978,0.214,0.049,60
0.802,0.224,202.869,0.338,-10.58,0.00831,0.102,46
0.562,0.758,142.035,0.581,-6.302,0.0996,0.0771,62
0.731,0.589,87.908,0.191,-6.343,0.0534,0.0868,79
0.805,0.648,123.998,0.0627,-7.145,0.0654,0.029,46
0.797,0.629,124.874,0.708,-4.393,0.0218,0.199,9
0.509,0.789,75.009,0.61,-8.629,0.525,0.277,74
0.991,0.128,186.124,0.53,-3.289,1.11e-05,0.0582,63
0.965,0.561,128.04,0.304,-3.673,0.00383,0.0343,98
0.614,0.613,93.984,0.198,-7.235,0.0143,0.0439,65
0.962,0.182,89.053,0.0124,-19.911,0.144,0.111,39
0.821,0.573,129.984,0.342,-11.978,8.77e-05,0.0531,15
0.18,0.605,114.602,0.348,-13.847,0.985,0.0295,14
0.506,0.654,123.179,0.831,-17.18,0.686,0.0535,76
0.871,0.709,125.94,0.667,-4.126,0.134,0.175,63
0.744,0.677,124.08,0.631,-6.806,0.0404,0.0295,77
0.716,0.824,130.035,0.506,-4.909,0.152,0.136,34
0.846,0.631,124.011,0.609,-8.668,0.143,0.0557,28
0.36,0.719,80.184,0.409,-12.034,0.748,0.398,74
0.776,0.587,159.906,0.606,-4.892,0.141,0.0807,67
0.802,0.56,103.059,0.423,-5.428,0.0863,0.0373,61
0.764,0.446,172.094,0.543,-5.042,0.00135,0.033,80
0.701,0.294,71.887,0.595,-8.656,0.832,0.112,25
0.156,0.637,94.825,0.233,-19.37,0.521,0.0309,60
0.73,0.731,79.999,0.503,-6.302,0.411,0.123,66
0.811,0.736,103.502,0.609,-4.17,0.00132,0.081,73
0.142,0.346,89.674,0.405,-18.243,0.992,0.0353,7
0.7,0.739,119.954,0.76,-7.828,0.676,0.0538,49
0.983,0.763,125.142,0.64,-6.796,0.00204,0.111,14
0.621,0.469,70.725,0.619,-16.412,0.962,0.903,20
0.473,0.559,121.227,0.397,-7.712,0.446,0.0279,74
0.0212,0.301,122.018,0.266,-31.384,0.969,0.0447,55
0.966,0.536,152.076,0.849,-2.929,0.121,0.0558,70
0.144,0.274,61.551,0.302,-14.516,0.92,0.0482,70
0.571,0.598,173.141,0.962,-12.616,0.704,0.139,70
0.758,0.636,97.025,0.281,-5.567,0.331,0.0427,59
0.947,0.456,115.043,0.286,-2.983,1.11e-05,0.0613,22
0.513,0.262,182.886,0.473,-6.993,0.884,0.0302,57
0.373,0.0,0.0,0.0,-16.469,0.153,0.0,61
0.572,0.868,96.985,0.485,-6.217,0.101,0.112,67
0.0992,0.226,72.791,0.0395,-16.949,0.987,0.0468,21
0.602,0.688,96.056,0.436,-8.055,0.215,0.0492,42
0.428,0.405,99.994,0.103,-8.845,0.00189,0.0295,19
0.032,0.0,0.0,0.0,-30.704,0.916,0.0,76
0.679,0.68,83.821,0.867,-6.076,0.00495,0.0423,67
0.715,0.543,124.011,0.468,-8.89,0.0192,0.0356,68
0.748,0.803,116.532,0.752,-5.221,0.254,0.0314,64
0.891,0.724,103.022,0.818,-7.818,0.00344,0.0995,63
0.525,0.761,80.87,0.531,-6.9,0.44,0.0944,88
0.0251,0.385,63.828,0.238,-27.255,0.992,0.0508,60
0.492,0.625,120.033,0.28,-9.618,0.163,0.0332,63
0.894,0.691,184.018,0.623,-1.681,0.291,0.115,4
0.578,0.236,75.367,0.227,-5.477,0.327,0.0404,60
0.461,0.557,81.919,0.458,-9.7,0.388,0.0283,38
0.882,0.766,107.932,0.544,-4.478,0.0674,0.0719,74
0.94,0.643,150.168,0.279,-3.823,0.023,0.33,37
0.25,0.225,124.915,0.0395,-14.85,0.921,0.0385,17
0.745,0.637,100.384,0.859,-8.607,0.0173,0.0748,0
0.422,0.778,120.033,0.187,-10.114,0.921,0.0482,76
0.851,0.588,123.691,0.706,-4.206,0.0344,0.033,62
0.706,0.633,128.185,0.399,-5.137,0.000588,0.0627,64
0.58,0.29,172.396,0.353,-4.767,0.491,0.0434,60
0.828,0.746,104.974,0.31,-6.568,0.113,0.0409,26
0.715,0.407,132.974,0.533,-7.358,0.86,0.0711,38
0.927,0.598,155.039,0.659,-6.156,0.0252,0.0436,16
0.442,0.756,83.029,0.627,-9.748,0.0819,0.114,35
0.628,0.858,144.989,0.754,-7.889,0.183,0.245,39
0.549,0.729,144.887,0.771,-11.366,0.741,0.351,44
0.253,0.908,131.799,0.962,-10.474,0.441,0.0587,65
0.96,0.157,160.193,0.0755,-4.321,6.99e-05,0.0942,6
0.875,0.425,132.033,0.381,-6.996,0.0148,0.0491,37
0.75,0.774,118.015,0.927,-4.927,0.00207,0.0412,76
0.472,0.748,141.93,0.605,-9.15,0.0822,0.0557,67
0.93,0.588,139.907,0.468,-2.665,0.219,0.151,29
0.639,0.713,125.959,0.737,-5.529,0.753,0.0313,74
0.89,0.497,133.047,0.249,-4.559,0.00055,0.0445,66
0.602,0.583,74.008,0.388,-6.364,0.368,0.0274,73
0.764,0.713,125.052,0.962,-5.57,0.0718,0.0294,65
0.693,0.745,98.039,0.248,-5.479,0.339,0.034,66
0.878,0.868,112.987,0.899,-3.294,0.0509,0.038,82
0.592,0.761,123.095,0.332,-9.836,0.492,0.0586,66
0.122,0.272,60.337,0.0629,-16.359,0.966,0.0376,51
0.991,0.246,159.39,0.415,-3.903,0.00944,0.087,68
0.525,0.626,114.921,0.45,-7.417,0.675,0.0338,61
0.418,0.814,91.658,0.842,-15.372,0.75,0.0382,63
0.866,0.354,164.95,0.496,-4.065,8.39e-05,0.0821,28
0.83,0.701,122.037,0.475,-5.132,0.362,0.0507,60
0.886,0.685,125.034,0.615,-4.179,0.028,0.034,80
0.542,0.817,115.042,0.474,-6.503,0.346,0.0725,69
0.91,0.63,123.017,0.525,-2.681,0.0231,0.058,75
0.168,0.25,107.269,0.141,-16.789,0.822,0.0329,0
0.74,0.832,90.045,0.714,-4.862,0.101,0.214,66
0.661,0.781,92.026,0.365,-5.521,0.0609,0.0525,1
0.661,0.54,90.012,0.506,-5.534,0.0765,0.0381,69
0.727,0.459,149.231,0.955,-11.777,0.00614,0.0303,71
0.798,0.654,92.209,0.576,-4.084,0.188,0.045,1
0.883,0.207,181.908,0.142,-4.929,0.000148,0.0722,49
0.453,0.779,127.073,0.327,-8.983,0.13,0.0499,56
0.607,0.595,157.417,0.478,-7.291,0.587,0.0676,59
0.442,0.513,81.201,0.243,-13.529,0.00731,0.0343,77
0.161,0.19,113.881,0.0809,-20.719,0.901,0.0385,47
0.542,0.779,116.284,0.647,-15.137,0.0358,0.0515,66
0.561,0.384,136.136,0.159,-10.059,0.373,0.0296,71
0.536,0.466,75.998,0.377,-6.227,0.0951,0.0429,74
0.994,0.26,145.913,0.36,-5.291,6.47e-06,0.0909,22
0.672,0.814,109.394,0.933,-12.068,0.0435,0.0619,71
0.628,0.48,143.412,0.541,-7.643,0.174,0.0262,58
0.551,0.772,131.996,0.911,-7.493,0.514,0.0611,34
0.948,0.609,144.037,0.786,-4.938,0.00404,0.113,1
0.36,0.533,131.229,0.299,-12.633,0.0805,0.0282,76
0.744,0.682,132.493,0.827,-6.981,0.376,0.0365,63
0.541,0.86,114.984,0.952,-6.51,0.165,0.0325,83
0.792,0.645,90.565,0.666,-7.34,0.0562,0.036,75
0.909,0.683,102.977,0.385,-6.075,0.772,0.924,22
0.599,0.795,83.489,0.618,-7.001,0.265,0.255,50
0.324,0.642,96.709,0.721,-11.891,0.835,0.027,23
0.632,0.559,90.097,0.699,-7.58,0.413,0.0608,70
0.822,0.413,92.045,0.645,-9.764,0.0148,0.102,42
0.108,0.236,119.983,0.0631,-16.376,0.861,0.0369,21
0.496,0.399,113.625,0.62,-7.763,0.905,0.0509,42
0.736,0.826,139.854,0.693,-7.822,0.289,0.356,26
0.49,0.826,74.126,0.627,-10.477,0.00916,0.0676,78
0.618,0.649,114.688,0.667,-10.728,0.596,0.0265,69
0.382,0.226,81.943,0.165,-9.243,0.845,0.0288,0
0.792,0.687,100.015,0.671,-2.749,0.191,0.0452,83
0.924,0.533,174.002,0.756,-2.697,0.0139,0.154,61
0.747,0.621,124.015,0.426,-5.084,0.222,0.0337,76
0.683,0.697,96.133,0.603,-2.881,0.0372,0.117,82
0.657,0.422,163.367,0.778,-5.021,0.703,0.0311,36
0.272,0.22,91.731,0.0385,-17.48,0.954,0.0326,41
0.438,0.637,122.699,0.145,-8.504,0.515,0.0282,47
0.921,0.627,170.028,0.392,-4.859,0.0315,0.189,39
0.564,0.432,174.96,0.398,-7.369,0.298,0.0407,50
0.977,0.523,131.043,0.6,-1.896,0.0594,0.144,18
0.913,0.693,121.978,0.597,-7.557,0.221,0.06,30
0.456,0.729,110.999,0.221,-6.795,0.62,0.0528,64
0.64,0.545,80.544,0.606,-9.937,0.00249,0.224,77
0.208,0.443,129.926,0.636,-19.566,0.969,0.0399,0
0.767,0.532,127.361,0.755,-5.509,0.00287,0.0574,81
0.717,0.584,133.021,0.206,-12.032,0.185,0.038,0
0.979,0.535,103.996,0.432,-3.593,0.000666,0.0597,0
0.966,0.354,185.098,0.55,-5.139,0.00362,0.262,41
0.477,0.216,70.384,0.163,-8.637,0.326,0.0313,36
0.861,0.762,120.048,0.955,-3.296,0.0185,0.0955,87
0.788,0.599,100.001,0.581,-6.25,0.263,0.0294,65
0.292,0.783,120.802,0.696,-18.026,0.164,0.0404,45
0.31,0.393,97.211,0.393,-19.931,0.904,0.104,0
0.537,0.811,112.1,0.595,-8.223,0.449,0.165,61
0.273,0.77,100.032,0.447,-14.931,0.497,0.0311,46
0.764,0.578,124.417,0.722,-7.997,0.08,0.0294,60
0.856,0.721,142.068,0.627,-3.117,0.229,0.301,75
0.738,0.665,125.037,0.0389,-5.931,0.0124,0.0379,0
0.858,0.42,155.013,0.51,-5.732,0.00059,0.0513,52
0.247,0.748,90.013,0.5,-14.915,0.121,0.0781,37
0.5,0.483,95.981,0.368,-9.403,0.354,0.0241,65
0.852,0.444,162.842,0.549,-3.972,0.0404,0.0515,45
0.831,0.589,98.813,0.511,-12.373,0.0195,0.0615,0
0.512,0.901,144.968,0.753,-12.077,0.327,0.251,0
0.867,0.489,94.4,0.933,-4.995,0.479,0.039,35
0.672,0.774,107.956,0.307,-4.351,0.276,0.0621,66
0.45,0.53,67.467,0.412,-10.006,0.393,0.168,60
0.811,0.842,125.995,0.594,-6.476,0.00579,0.109,63
0.496,0.383,55.693,0.368,-7.101,0.787,0.0455,35
0.682,0.817,90.039,0.605,-5.376,0.245,0.214,70
0.832,0.708,92.428,0.618,-4.964,0.02,0.318,64
0.0578,0.48,102.494,0.353,-24.979,0.889,0.0321,0
0.722,0.736,112.921,0.448,-5.908,0.384,0.0753,0
0.815,0.871,122.959,0.823,-4.439,0.127,0.0477,76
0.542,0.622,174.494,0.939,-6.215,0.387,0.051,63
0.668,0.397,67.012,0.456,-4.292,0.102,0.0855,60
0.84,0.803,122.543,0.943,-7.715,0.017,0.0852,41
0.786,0.748,104.833,0.917,-7.788,0.328,0.0641,67
0.949,0.299,136.52,0.23,-4.986,1.87e-05,0.0741,16
0.834,0.508,139.131,0.774,-6.205,0.0183,0.0386,82
0.511,0.739,96.038,0.542,-7.844,0.167,0.0362,77
0.53,0.524,114.11,0.796,-7.287,0.481,0.0279,14
0.475,0.387,137.129,0.157,-12.249,0.0734,0.0341,46
0.787,0.77,119.986,0.513,-3.748,0.198,0.0583,84
0.648,0.472,85.305,0.542,-8.886,0.609,0.0366,44
0.652,0.52,80.609,0.722,-6.655,0.34,0.0274,78
0.678,0.858,117.009,0.922,-3.87,0.0761,0.0469,81
0.932,0.753,133.017,0.532,-8.972,0.0191,0.081,53
0.76,0.681,122.895,0.548,-6.331,0.0382,0.062,60
0.579,0.842,95.005,0.7,-5.504,0.119,0.0556,62
0.557,0.218,139.804,0.0584,-5.497,0.0192,0.0359,40
0.738,0.685,112.972,0.8,-4.413,0.0695,0.0595,77
0.752,0.422,120.471,0.403,-8.682,0.0366,0.0449,74
0.0427,0.354,119.003,0.238,-20.487,0.894,0.039,26
0.615,0.528,123.988,0.225,-7.118,0.491,0.0372,64
0.788,0.687,123.02,0.669,-5.142,0.0121,0.0352,74
0.964,0.27,99.731,0.325,-4.545,3.28e-05,0.0866,61
0.786,0.789,119.957,0.39,-4.788,0.596,0.297,74
0.922,0.68,125.014,0.799,-1.215,0.103,0.121,88
0.8,0.264,155.558,0.465,-2.427,0.0195,0.0537,64
0.0384,0.477,91.452,0.149,-31.781,0.983,0.0372,60
0.469,0.33,201.327,0.433,-9.286,0.31,0.0335,71
0.0599,0.75,112.994,0.462,-22.783,0.991,0.0562,50
0.804,0.744,104.823,0.426,-6.327,0.0231,0.0677,80
0.628,0.696,100.038,0.701,-8.407,0.00102,0.0274,70
0.548,0.36,121.801,0.244,-12.938,0.328,0.0468,55
0.946,0.787,119.991,0.258,-6.633,0.0609,0.0811,31
0.357,0.412,99.305,0.393,-11.694,0.932,0.0262,0
0.543,0.561,139.803,0.243,-8.498,0.26,0.0324,71
0.496,0.871,93.033,0.287,-9.29,0.035,0.0721,66
0.317,0.44,169.914,0.268,-9.258,0.891,0.0531,94
0.763,0.466,154.914,0.293,-4.448,0.000501,0.0318,71
0.642,0.392,92.698,0.129,-5.267,0.0048,0.0326,70
0.7,0.545,83.506,0.799,-6.961,0.0982,0.0323,0
0.569,0.736,171.973,0.433,-3.559,0.144,0.0779,77
0.558,0.748,124.007,0.134,-9.648,0.00175,0.0462,47
0.768,0.622,142.015,0.862,-5.704,0.181,0.0313,34
0.694,0.884,93.025,0.597,-3.241,0.156,0.0716,64
0.483,0.512,160.009,0.367,-7.798,0.00304,0.0298,76
0.455,0.717,127.812,0.389,-8.303,0.0846,0.0276,79
0.819,0.409,143.937,0.458,-3.784,0.0351,0.0564,56
0.659,0.542,120.122,0.109,-7.289,0.00279,0.0389,56
0.721,0.534,112.062,0.439,-7.636,0.634,0.0427,79
0.762,0.643,125.947,0.399,-4.003,0.0525,0.0373,61
0.835,0.625,183.826,0.547,-3.32,0.211,0.325,66
0.54,0.695,121.932,0.415,-5.692,0.299,0.0493,86
0.868,0.757,138.923,0.815,-9.326,0.411,0.062,71
0.756,0.336,77.807,0.237,-4.191,0.00275,0.045,0
0.97,0.509,130.93,0.586,-6.485,0.155,0.0704,39
0.961,0.582,91.407,0.794,-5.707,0.00118,0.0482,44
0.755,0.716,93.947,0.589,-4.344,0.104,0.15,21
0.903,0.689,86.431,0.855,-7.128,0.319,0.0774,38
0.633,0.77,167.884,0.845,-7.554,0.455,0.046,30
0.877,0.586,129.886,0.549,-4.466,0.0355,0.084,30
0.771,0.467,139.91,0.206,-3.823,0.0157,0.0336,46
0.366,0.567,98.578,0.238,-23.235,0.602,0.955,19
0.635,0.57,108.431,0.196,-10.231,0.00459,0.0482,59
0.682,0.424,176.014,0.58,-3.194,0.0248,0.035,67
0.293,0.641,129.849,0.373,-10.711,0.836,0.0291,0
0.541,0.575,87.022,0.27,-6.45,0.759,0.0237,67
0.9,0.756,128.054,0.55,-4.428,0.00857,0.0843,72
0.951,0.38,186.127,0.664,-2.92,0.00282,0.147,58
0.739,0.483,171.927,0.564,-9.147,0.117,0.0594,39
0.981,0.496,109.905,0.163,-3.268,9.33e-06,0.108,67
0.63,0.32,203.443,0.323,-7.019,0.192,0.0493,62
0.841,0.532,172.004,0.23,-4.993,0.0272,0.172,66
0.76,0.504,183.933,0.64,-4.246,0.286,0.0426,65
0.849,0.663,123.992,0.722,-4.462,0.0791,0.0334,70
0.456,0.487,136.088,0.348,-7.144,0.789,0.0319,68
0.588,0.732,94.981,0.657,-7.015,0.523,0.0367,41
0.761,0.509,176.054,0.71,-5.947,0.122,0.0441,0
0.973,0.521,125.099,0.293,-2.753,6.33e-06,0.165,26
0.669,0.63,214.024,0.904,-6.974,0.0291,0.148,0
0.334,0.374,75.696,0.333,-10.399,0.78,0.105,41
0.842,0.406,166.499,0.799,-2.897,0.464,0.0661,0
0.813,0.694,121.988,0.233,-5.278,0.0718,0.0376,0
0.957,0.64,134.992,0.692,-2.336,0.0431,0.0741,77
0.44,0.619,130.414,0.313,-10.019,0.178,0.0715,46
0.821,0.725,91.821,0.135,-5.147,0.103,0.154,63
0.78,0.546,131.968,0.546,-6.739,0.00504,0.0475,13
0.283,0.495,100.566,0.304,-9.7,0.77,0.0385,24
0.277,0.614,84.938,0.236,-11.943,0.967,0.042,64
0.668,0.397,67.012,0.456,-4.292,0.102,0.0855,60
0.735,0.673,115.744,0.754,-4.733,0.286,0.0457,78
0.606,0.416,147.178,0.583,-8.296,0.0667,0.0286,23
0.752,0.422,120.471,0.403,-8.682,0.0366,0.0449,74
0.716,0.909,105.078,0.417,-6.628,0.359,0.126,54
0.345,0.363,110.421,0.224,-13.269,0.973,0.0628,27
0.649,0.556,107.03,0.577,-6.66,0.538,0.0254,0
0.891,0.459,154.837,0.588,-5.057,0.00511,0.0623,79
0.0794,0.54,99.866,0.601,-23.746,0.564,0.031,33
0.441,0.469,112.865,0.796,-11.925,0.713,0.0315,16
0.931,0.51,201.936,0.53,-3.302,0.0738,0.347,72
0.272,0.355,181.275,0.447,-14.011,0.587,0.0358,20
0.27,0.508,108.398,0.206,-13.844,0.984,0.0328,10
0.593,0.561,80.282,0.574,-9.362,0.00327,0.0264,66
0.416,0.502,175.191,0.433,-9.504,0.912,0.433,72
0.752,0.317,139.718,0.33,-5.149,0.00208,0.0379,27
0.266,0.23,142.48,0.197,-13.933,0.851,0.0353,20
0.756,0.889,122.905,0.918,-4.23,0.132,0.056,70
0.158,0.48,86.107,0.498,-15.239,0.809,0.0807,30
0.647,0.517,115.827,0.485,-6.223,0.581,0.279,45
0.539,0.701,107.531,0.752,-8.968,0.000655,0.0277,73
0.562,0.627,95.054,0.389,-6.268,0.0628,0.0364,0
0.481,0.461,199.807,0.262,-6.389,0.789,0.0327,65
0.524,0.452,151.505,0.246,-10.108,0.315,0.0351,79
0.984,0.188,186.646,0.446,-5.223,1.62e-06,0.0945,19
0.97,0.301,129.768,0.217,-0.939,0.00109,0.122,17
0.801,0.399,199.792,0.696,-4.638,0.32,0.0544,0
0.84,0.773,91.997,0.845,-4.854,0.0312,0.0856,23
0.843,0.613,142.996,0.821,-1.702,0.0491,0.0505,61
0.927,0.705,159.978,0.945,-2.701,0.0327,0.0776,0
0.232,0.519,80.449,0.364,-9.029,0.877,0.0269,46
0.251,0.746,139.999,0.18,-16.169,0.782,0.259,87
0.986,0.435,192.055,0.856,-2.53,0.00756,0.16,32
0.431,0.632,170.12,0.369,-14.856,0.754,0.949,11
0.673,0.713,130.014,0.66,-5.924,0.00844,0.0446,45
0.748,0.749,137.547,0.827,-7.011,0.295,0.0323,77
0.273,0.707,141.755,0.442,-9.398,0.711,0.0361,43
0.908,0.603,133.063,0.457,-5.254,0.0144,0.184,70
0.377,0.406,92.23,0.717,-11.717,0.764,0.0597,0
0.104,0.655,99.986,0.506,-21.089,0.891,0.0319,50
0.742,0.583,179.842,0.678,-3.791,0.221,0.129,28
0.461,0.786,142.04,0.252,-6.281,0.0597,0.0841,16
0.997,0.531,138.011,0.458,-4.509,0.101,0.0504,20
0.783,0.473,91.976,0.124,-10.671,0.0125,0.0869,67
0.871,0.539,140.015,0.144,-4.263,0.0027,0.0549,44
0.9,0.285,144.581,0.431,-4.513,0.000389,0.0593,23
0.535,0.749,123.042,0.601,-6.785,0.0131,0.0336,78
0.381,0.234,179.984,0.0384,-20.132,0.801,0.0875,21
0.821,0.739,171.077,0.693,-4.233,0.222,0.0852,75
0.604,0.581,100.036,0.245,-11.533,0.00221,0.0402,24
0.169,0.348,138.877,0.107,-18.45,0.959,0.0413,65
0.705,0.651,136.023,0.485,-7.082,0.156,0.0521,50
0.731,0.581,127.58,0.579,-5.189,0.192,0.0289,0
0.66,0.647,124.023,0.0174,-10.309,0.0331,0.0405,63
0.679,0.738,98.012,0.503,-5.049,0.255,0.0356,18
0.942,0.491,100.446,0.387,-5.333,0.156,0.132,71
0.353,0.529,104.557,0.0601,-12.835,0.788,0.0292,77
0.548,0.846,94.925,0.516,-6.397,0.241,0.256,80
0.507,0.476,150.204,0.17,-8.058,0.405,0.0459,45
0.622,0.527,173.709,0.672,-8.172,0.7,0.0842,63
0.97,0.451,122.444,0.198,-4.938,0.0264,0.107,75
0.79,0.519,166.434,0.474,-10.327,0.00866,0.0626,22
0.597,0.412,98.636,0.26,-8.936,0.956,0.0384,0
0.577,0.65,81.986,0.373,-8.728,0.543,0.0426,41
0.539,0.817,97.062,0.158,-6.349,0.0141,0.0621,79
0.669,0.457,93.987,0.312,-5.792,0.0296,0.0288,63
0.587,0.925,120.023,0.987,-10.933,0.583,0.0501,45
0.702,0.786,104.03,0.696,-6.742,0.511,0.0456,37
0.565,0.795,87.925,0.55,-4.457,0.131,0.0948,0
0.817,0.903,102.014,0.732,-3.972,0.0272,0.095,76
0.741,0.617,118.984,0.306,-3.97,0.131,0.0311,77
0.737,0.652,92.404,0.747,-5.589,0.559,0.0506,28
0.604,0.686,152.474,0.553,-14.24,0.12,0.037,0
0.785,0.909,96.984,0.903,-3.648,0.248,0.0637,65
0.609,0.479,75.113,0.74,-8.5,0.499,0.133,64
0.903,0.604,125.989,0.078,-4.231,0.000176,0.0449,52
0.578,0.574,85.186,0.274,-3.188,0.296,0.0343,67
0.6,0.951,125.04,0.822,-4.675,0.106,0.0685,79
0.756,0.567,117.98,0.443,-6.35,0.0964,0.0623,50
0.873,0.748,124.995,0.348,-6.301,0.00867,0.0627,64
0.891,0.724,103.022,0.818,-7.818,0.00344,0.0995,63
0.754,0.611,126.961,0.565,-5.035,0.116,0.366,61
0.43,0.515,91.844,0.104,-9.935,0.0097,0.0372,85
0.761,0.205,116.417,0.0111,-27.353,0.583,0.0703,32
0.504,0.73,122.013,0.0936,-13.915,0.124,0.0477,55
0.37,0.347,126.746,0.137,-11.935,0.68,0.0285,33
0.538,0.808,108.026,0.416,-10.211,0.108,0.0608,71
0.756,0.704,121.737,0.461,-4.948,0.298,0.448,90
0.727,0.459,149.231,0.955,-11.777,0.00614,0.0303,71
0.367,0.584,120.175,0.588,-9.638,0.55,0.0328,76
0.941,0.534,95.008,0.573,-2.561,0.00204,0.077,65
0.678,0.587,169.947,0.429,-8.651,0.0319,0.0524,55
0.714,0.826,128.022,0.695,-3.093,0.0455,0.0937,46
0.8,0.817,90.016,0.534,-4.475,0.12,0.108,74
0.711,0.63,96.912,0.659,-9.34,0.299,0.0472,74
0.0464,0.196,71.031,0.0385,-29.211,0.981,0.0414,59
0.936,0.652,105.047,0.48,-3.536,0.00222,0.0608,47
0.909,0.467,85.964,0.333,-7.066,0.796,0.934,22
0.896,0.378,174.302,0.469,-4.066,0.000452,0.0407,78
0.531,0.246,125.332,0.0398,-9.275,0.779,0.0496,45
0.582,0.296,168.4,0.365,-5.18,0.449,0.0413,66
0.896,0.639,143.989,0.966,-4.782,0.053,0.028,0
0.436,0.737,83.022,0.36,-9.146,0.161,0.0555,62
0.838,0.761,93.974,0.71,-3.073,0.4,0.0502,73
0.406,0.751,138.906,0.809,-12.835,0.85,0.43,25
0.761,0.446,134.971,0.336,-4.141,0.000569,0.032,58
0.905,0.665,99.755,0.0378,-5.233,0.000356,0.0599,41
0.663,0.834,121.876,0.774,-6.143,0.235,0.133,71
0.63,0.719,170.103,0.4,-7.142,0.255,0.0853,71
0.777,0.73,130.0,0.575,-5.194,0.105,0.0496,79
0.785,0.504,173.968,0.502,-4.802,0.0738,0.104,78
0.823,0.466,175.797,0.782,-6.635,0.00237,0.311,76
0.975,0.567,172.991,0.75,-0.357,0.00146,0.139,30
0.917,0.544,176.068,0.686,-3.403,0.00313,0.259,65
0.412,0.935,131.993,0.91,-7.292,0.752,0.0501,41
0.997,0.512,114.987,0.105,-2.403,3.57e-05,0.135,20
0.997,0.538,95.016,0.0702,-2.27,0.00232,0.205,68
0.723,0.703,104.969,0.288,-5.45,0.0302,0.0412,70
0.876,0.666,129.884,0.552,-3.078,0.055,0.0414,73
0.917,0.391,95.364,0.245,-4.973,0.000137,0.063,29
0.938,0.752,119.322,0.967,-4.08,0.00455,0.0381,60
0.905,0.462,122.925,0.253,-3.825,0.00066,0.0438,38
0.696,0.585,104.01,0.522,-5.6,0.204,0.0307,75
0.947,0.296,176.043,0.573,-3.766,0.0382,0.0705,41
0.438,0.697,117.955,0.58,-8.411,0.399,0.0289,65
0.836,0.5,99.446,0.515,-7.909,0.025,0.0341,22
0.893,0.425,117.798,0.783,-6.305,0.161,0.059,39
0.488,0.401,149.951,0.455,-8.417,0.6,0.0288,69
0.522,0.69,91.003,0.941,-9.162,0.101,0.0329,31
0.982,0.23,140.384,0.0257,-4.534,0.571,0.106,15
0.626,0.708,90.004,0.569,-5.008,0.605,0.0529,59
0.618,0.766,95.054,0.513,-8.552,0.0187,0.124,63
0.44,0.587,111.109,0.73,-7.782,0.81,0.0946,19
0.944,0.652,147.078,0.454,-4.804,0.00225,0.0515,61
0.909,0.685,95.004,0.922,-4.034,0.0471,0.0396,2
0.769,0.542,134.015,0.547,-3.898,0.0143,0.0357,38
0.696,0.786,97.956,0.591,-5.343,0.183,0.352,0
0.887,0.461,167.957,0.638,-3.189,0.0358,0.193,0
0.459,0.619,126.803,0.498,-5.782,0.56,0.0334,67
0.662,0.753,94.958,0.466,-4.25,0.205,0.0702,69
0.98,0.475,95.216,0.662,-4.919,0.00268,0.188,37
0.923,0.497,155.11,0.545,-3.04,0.00627,0.11,64
0.855,0.666,125.639,0.803,-5.051,0.179,0.0295,84
0.758,0.347,117.959,0.484,-7.753,0.031,0.0706,71
0.845,0.618,171.921,0.486,0.175,0.114,0.132,67
0.597,0.538,143.035,0.764,-8.767,0.00211,0.03,38
0.909,0.556,167.101,0.633,-9.982,0.254,0.0444,64
0.425,0.701,135.128,0.562,-10.965,0.328,0.375,1
0.565,0.732,126.042,0.684,-8.366,0.467,0.036,61
0.952,0.643,164.784,0.585,-4.15,0.276,0.246,61
0.0138,0.146,143.265,0.102,-33.87,0.809,0.0531,61
0.521,0.527,143.892,0.266,-6.837,0.631,0.0272,64
0.736,0.703,129.963,0.598,-5.089,0.6,0.0286,45
0.948,0.634,169.761,0.434,-4.088,0.122,0.338,0
0.78,0.698,132.021,0.794,-5.696,0.0187,0.0262,44
0.718,0.584,99.841,0.155,-7.824,0.0205,0.126,69
0.272,0.775,103.991,0.198,-9.126,0.56,0.091,68
0.802,0.416,121.967,0.739,-4.221,0.0225,0.0471,62
0.743,0.715,116.962,0.259,-7.491,0.339,0.0337,48
0.803,0.758,108.015,0.791,-4.762,0.0336,0.0329,18
0.772,0.706,116.969,0.735,-6.347,0.214,0.0288,46
0.91,0.223,171.75,0.364,-7.097,0.0116,0.08,2
0.955,0.639,127.998,0.635,-7.377,0.0105,0.0508,58
0.635,0.617,103.019,0.446,-6.769,0.0498,0.0317,85
0.79,0.862,129.005,0.587,-8.412,0.0418,0.0672,67
0.9,0.427,95.688,0.873,-3.904,0.0127,0.242,0
0.573,0.758,110.983,0.284,-6.221,0.0888,0.0428,66
0.887,0.462,119.986,0.575,-1.361,0.117,0.0362,12
0.208,0.177,68.734,0.0381,-12.633,0.906,0.0376,25
0.938,0.384,92.859,0.163,-6.323,0.000236,0.124,71
0.308,0.587,126.048,0.0959,-16.968,0.41,0.0288,19
0.88,0.626,95.079,0.534,-2.384,0.205,0.0504,79
0.746,0.623,75.353,0.965,-10.285,0.804,0.0454,53
0.776,0.767,67.011,0.799,-7.551,0.586,0.345,44
0.82,0.454,166.303,0.575,-4.193,0.132,0.0567,77
0.837,0.733,76.453,0.606,-4.537,0.0671,0.0992,68
0.723,0.697,113.14,0.68,-4.68,0.35,0.0616,50
0.858,0.574,95.954,0.658,-2.911,0.205,0.0469,72
0.542,0.48,152.853,0.567,-8.51,0.345,0.0348,77
0.654,0.715,175.589,0.762,-7.266,0.196,0.336,79
0.8,0.816,118.01,0.533,-5.705,0.028,0.0738,64
0.407,0.475,178.261,0.226,-9.239,0.247,0.0368,0
0.229,0.613,85.854,0.578,-14.887,0.683,0.353,0
0.825,0.419,73.202,0.363,-5.013,0.49,0.0709,57
0.427,0.488,72.035,0.157,-7.383,0.354,0.0382,75
0.794,0.601,114.066,0.244,-5.844,0.00987,0.0671,78
0.633,0.662,115.007,0.657,-7.793,0.0078,0.0433,55
0.496,0.481,89.839,0.453,-7.421,0.588,0.0262,71
0.404,0.652,175.578,0.343,-8.461,0.867,0.0723,12
0.863,0.632,101.976,0.731,-5.21,0.0449,0.0446,67
0.884,0.343,177.751,0.94,-4.123,0.623,0.128,63
0.945,0.382,154.96,0.314,-2.897,0.000486,0.067,36
0.634,0.298,138.693,0.381,-9.309,0.799,0.0407,28
0.26,0.523,110.512,0.588,-18.286,0.859,0.0397,0
0.805,0.73,119.845,0.224,-6.285,0.154,0.0714,33
0.714,0.523,122.969,0.616,-6.584,0.633,0.0511,65
0.19,0.471,72.764,0.305,-16.046,0.77,0.028,58
0.558,0.859,114.978,0.357,-8.991,0.659,0.0902,70
0.98,0.597,139.989,0.633,-2.075,0.00427,0.0636,0
0.934,0.546,97.844,0.701,-4.451,0.00365,0.0368,31
0.745,0.472,180.06,0.0631,-5.297,0.000607,0.0356,69
0.0811,0.723,88.044,0.36,-14.113,0.779,0.0631,62
0.856,0.604,164.034,0.799,-7.143,0.431,0.333,44
0.69,0.379,173.716,0.288,-4.79,0.0286,0.0549,62
0.689,0.595,176.069,0.519,-6.822,0.00463,0.283,64
0.424,0.581,98.936,0.352,-6.616,0.723,0.0269,67
0.496,0.53,159.957,0.535,-6.318,0.428,0.0264,73
0.877,0.655,121.921,0.628,-5.791,0.00191,0.0526,64
0.697,0.86,150.085,0.726,-6.976,0.419,0.175,24
0.365,0.638,116.012,0.17,-15.98,0.797,0.0437,57
0.48,0.414,148.087,0.155,-8.519,0.274,0.0329,43
0.941,0.849,134.479,0.765,-6.448,0.0269,0.223,70
0.626,0.69,184.009,0.912,-5.693,0.105,0.306,77
0.646,0.756,176.088,0.429,-5.795,0.152,0.319,2
0.705,0.815,123.981,0.516,-4.934,0.0294,0.135,60
0.963,0.587,127.842,0.491,0.366,0.0656,0.0552,56
0.919,0.497,101.984,0.643,-2.693,6.95e-05,0.0297,22
0.199,0.416,134.821,0.371,-9.073,0.896,0.0297,0
0.842,0.629,169.934,0.815,-6.774,0.559,0.169,45
0.584,0.685,134.546,0.939,-10.616,0.288,0.0276,73
0.51,0.749,86.941,0.401,-7.404,0.0155,0.0549,27
0.669,0.751,119.014,0.359,-6.532,0.342,0.0359,73
0.682,0.564,107.597,0.551,-6.688,0.0146,0.113,76
0.435,0.609,131.995,0.552,-7.861,0.522,0.285,70
0.649,0.39,121.16,0.144,-5.163,0.172,0.0345,76
0.747,0.53,91.943,0.434,-4.838,0.417,0.0694,0
0.555,0.6,149.787,0.179,-6.038,0.358,0.132,38
0.636,0.348,73.416,0.466,-4.139,0.467,0.0577,62
0.868,0.639,137.037,0.708,-2.974,0.0648,0.0714,37
0.659,0.553,120.146,0.105,-7.295,0.0027,0.0391,3
0.749,0.692,111.986,0.7,-4.948,0.442,0.0427,36
0.312,0.876,114.973,0.377,-10.17,0.443,0.0521,68
0.705,0.764,110.97,0.781,-3.463,0.259,0.0284,81
0.788,0.63,120.059,0.63,-6.7,0.00322,0.0298,71
0.564,0.788,113.98,0.458,-5.767,0.328,0.117,45
0.79,0.599,103.783,0.961,-3.58,0.00257,0.043,72
0.314,0.908,97.011,0.244,-9.614,0.0424,0.116,70
0.601,0.904,87.037,0.761,-5.561,0.0305,0.198,0
0.15,0.516,97.398,0.205,-20.41,0.13,0.0272,0
0.706,0.6,173.926,0.58,-7.899,0.209,0.361,75
0.517,0.649,119.968,0.185,-5.227,0.54,0.0273,0
0.918,0.542,150.094,0.784,-5.074,0.0101,0.0937,68
0.108,0.762,87.822,0.786,-21.761,0.93,0.196,3
0.615,0.672,119.693,0.944,-8.274,0.471,0.0293,0
0.977,0.471,159.992,0.762,-3.593,0.0435,0.054,52
0.975,0.518,154.059,0.32,-4.425,0.000136,0.0575,65
0.537,0.372,123.735,0.228,-7.623,0.937,0.0305,84
0.667,0.526,155.085,0.43,-5.451,0.0505,0.0437,61
0.106,0.264,79.281,0.0621,-25.123,0.943,0.059,25
0.555,0.61,166.007,0.286,-8.349,0.0839,0.067,65
0.785,0.608,117.983,0.806,-5.346,0.00173,0.0472,68
0.994,0.563,175.0,0.338,-0.385,0.0296,0.25,15
0.53,0.235,104.272,0.0634,-9.969,0.00562,0.0353,25
0.339,0.462,115.015,0.0395,-14.301,0.813,0.0418,54
0.503,0.593,178.781,0.71,-6.725,0.293,0.22,83
0.728,0.812,96.048,0.885,-3.347,0.356,0.169,23
0.698,0.467,174.994,0.59,-9.731,0.00108,0.0443,19
0.937,0.744,172.386,0.244,-5.397,0.00345,0.357,14
0.845,0.711,119.966,0.806,-5.006,0.61,0.0304,49
0.419,0.745,116.029,0.222,-13.165,0.134,0.0412,50
0.283,0.588,82.044,0.284,-12.663,0.863,0.0364,62
0.527,0.597,123.946,0.535,-8.658,0.127,0.0412,0
0.727,0.625,86.471,0.894,-3.035,0.777,0.0308,56
0.902,0.494,93.17,0.472,-4.969,0.0332,0.0352,35
0.742,0.851,123.033,0.236,-6.126,0.0259,0.0377,63
0.429,0.633,143.793,0.52,-6.784,0.0444,0.0381,0
0.597,0.489,95.012,0.324,-6.633,0.27,0.0292,79
0.918,0.457,154.963,0.392,-4.51,0.000696,0.203,67
0.578,0.632,139.324,0.297,-7.657,0.714,0.0905,68
0.2,0.32,145.964,0.025,-12.941,0.957,0.0315,37
0.908,0.732,112.385,0.823,-6.998,0.578,0.0547,50
0.51,0.477,111.893,0.477,-8.94,0.228,0.275,60
0.614,0.524,82.229,0.751,-8.05,0.202,0.0363,0
0.769,0.465,87.961,0.473,-3.209,0.581,0.0325,69
0.533,0.623,84.982,0.247,-8.164,0.245,0.0653,75
0.531,0.707,107.994,0.49,-7.21,0.855,0.0245,30
0.404,0.314,87.208,0.105,-9.568,0.342,0.0546,40
0.242,0.645,140.015,0.0744,-13.986,0.805,0.0402,60
0.129,0.752,118.022,0.207,-16.94,0.845,0.0531,48
0.262,0.481,122.861,0.375,-15.73,0.735,0.0414,77
0.0115,0.0704,75.309,0.0385,-31.98,0.952,0.0422,64
0.379,0.728,132.024,0.384,-10.252,0.831,0.0524,44
0.446,0.743,123.596,0.278,-7.807,0.0039,0.0683,84
0.766,0.807,126.997,0.599,-6.425,0.0145,0.0783,51
0.666,0.352,169.965,0.227,-4.909,0.117,0.0512,70
0.992,0.25,88.336,0.158,-2.926,0.000878,0.202,29
0.112,0.706,110.154,0.414,-18.098,0.827,0.0391,56
0.985,0.311,139.666,0.266,-4.348,2.02e-05,0.17,17
0.881,0.515,102.881,0.0687,-14.978,0.841,0.922,22
0.868,0.538,105.164,0.556,-7.357,0.000599,0.0377,69
0.767,0.592,96.483,0.328,-2.788,0.0021,0.027,82
0.851,0.365,78.086,0.309,-6.238,0.0964,0.0645,75
0.521,0.72,106.055,0.823,-12.468,0.705,0.0302,69
0.76,0.846,124.994,0.155,-7.992,0.00529,0.0428,39
0.834,0.61,148.868,0.677,-5.355,0.226,0.0331,20
0.84,0.724,92.011,0.842,-3.633,0.0564,0.0393,0
0.556,0.699,88.504,0.263,-8.075,0.203,0.27,48
0.891,0.587,124.005,0.705,-3.381,0.000261,0.0361,64
0.801,0.609,122.958,0.202,-8.483,0.0246,0.0694,1
0.664,0.545,96.602,0.333,-8.202,0.0655,0.0508,18
0.132,0.0776,176.119,0.0692,-16.891,0.674,0.0368,1
0.852,0.533,133.982,0.567,-5.919,0.000617,0.0686,23
0.786,0.748,123.996,0.664,-5.129,0.0226,0.057,73
0.392,0.477,110.029,0.178,-6.691,0.677,0.0274,8
0.932,0.424,163.564,0.612,-6.386,0.00103,0.0531,33
0.942,0.666,141.913,0.832,-2.928,0.0307,0.0689,74
0.594,0.683,115.099,0.734,-8.289,0.385,0.0347,71
0.756,0.759,87.059,0.613,-8.145,0.0903,0.266,70
0.911,0.685,128.02,0.351,-4.977,0.00552,0.144,74
0.521,0.46,149.945,0.599,-8.022,0.65,0.0274,49
0.0546,0.315,163.274,0.128,-28.225,0.994,0.0596,60
0.499,0.417,135.923,0.144,-6.364,0.212,0.0296,66
0.86,0.503,129.967,0.357,-4.634,0.00132,0.0526,32
0.606,0.693,129.942,0.447,-5.997,0.00817,0.0308,78
0.479,0.605,122.944,0.588,-12.672,0.343,0.0334,27
0.657,0.558,107.862,0.544,-9.657,0.588,0.0404,32
0.703,0.813,94.828,0.241,-5.077,0.125,0.268,71
0.829,0.552,127.987,0.247,-4.463,0.0733,0.0435,40
0.197,0.384,133.87,0.284,-17.824,0.896,0.0479,37
0.486,0.548,130.316,0.0696,-8.236,0.136,0.0302,40
0.597,0.346,128.362,0.38,-13.628,0.0131,0.0501,19
0.458,0.718,119.958,0.567,-10.632,0.685,0.033,65
0.428,0.218,105.992,0.0603,-11.348,0.85,0.0427,10
0.543,0.682,127.526,0.112,-8.66,0.261,0.0688,73
0.882,0.766,107.932,0.544,-4.478,0.0674,0.0719,74
0.466,0.939,140.05,0.713,-8.781,0.0259,0.172,40
0.539,0.817,97.062,0.158,-6.349,0.0141,0.0621,79
0.974,0.672,138.434,0.803,-2.799,0.038,0.081,32
0.97,0.509,169.121,0.665,-6.732,0.00951,0.0697,38
0.51,0.646,117.647,0.455,-8.703,0.514,0.0335,44
0.37,0.579,119.799,0.216,-8.9,0.496,0.0383,74
0.104,0.655,99.986,0.506,-21.089,0.891,0.0319,50
0.275,0.595,85.752,0.345,-9.815,0.864,0.0309,0
0.589,0.649,104.218,0.966,-5.085,0.574,0.0393,42
0.396,0.513,140.208,0.229,-13.061,0.251,0.0299,73
0.928,0.398,149.855,0.227,-1.203,0.00261,0.436,50
0.704,0.696,124.972,0.426,-7.876,0.167,0.0423,74
0.843,0.759,105.016,0.56,-3.718,0.127,0.0913,0
0.868,0.738,122.003,0.336,-4.373,0.0392,0.0731,77
0.738,0.579,124.023,0.431,-5.711,0.0821,0.0542,68
0.759,0.466,180.021,0.659,-8.148,0.0304,0.0311,11
0.384,0.423,90.43,0.521,-12.503,0.729,0.0315,68
0.619,0.669,124.994,0.432,-9.02,0.00122,0.0376,51
0.452,0.591,146.019,0.653,-7.648,0.326,0.0406,33
0.934,0.276,137.128,0.307,-5.371,6.41e-05,0.0716,24
0.549,0.671,149.09,0.96,-8.031,0.0998,0.0433,30
0.633,0.793,118.005,0.498,-4.447,0.27,0.0381,68
0.898,0.547,95.612,0.647,-6.213,0.049,0.0589,38
0.068,0.473,93.777,0.262,-20.033,0.892,0.0315,0
0.609,0.675,120.039,0.378,-5.027,0.084,0.0586,69
0.993,0.447,140.018,0.108,-3.022,1.56e-05,0.111,61
0.756,0.585,87.001,0.0398,-5.24,0.005,0.037,16
0.958,0.753,118.046,0.95,-4.504,0.225,0.0409,53
0.857,0.414,128.024,0.348,-4.078,0.0287,0.0808,76
0.932,0.609,136.001,0.539,-5.288,0.0356,0.0975,24
0.892,0.666,191.883,0.909,-6.502,0.015,0.289,18
0.869,0.366,138.051,0.384,-3.316,0.0207,0.0387,60
0.884,0.192,180.908,0.0584,-5.42,0.404,0.143,54
0.89,0.553,87.871,0.674,-4.879,0.123,0.0413,68
0.561,0.863,119.9,0.472,-9.924,0.178,0.161,0
0.965,0.668,128.012,0.722,-2.293,0.0579,0.091,60
0.571,0.671,120.212,0.519,-9.207,0.267,0.0346,42
0.812,0.811,87.98,0.689,-4.47,0.151,0.0635,3
0.614,0.524,82.229,0.751,-8.05,0.202,0.0363,0
0.916,0.474,154.948,0.745,-3.93,0.00504,0.0624,1
0.58,0.402,76.221,0.708,-7.2,0.0284,0.245,33
0.65,0.622,148.004,0.638,-4.996,0.114,0.0456,48
0.521,0.821,99.079,0.83,-13.509,0.0343,0.0505,46
0.732,0.235,139.823,0.27,-3.793,4.24e-05,0.0397,5
0.768,0.781,123.07,0.486,-5.991,0.0119,0.0394,77
0.833,0.573,87.853,0.927,-6.477,0.724,0.0817,42
0.922,0.708,129.999,0.142,-7.338,0.0394,0.068,0
0.811,0.561,126.593,0.635,-6.157,0.00515,0.0265,70
0.352,0.72,80.011,0.727,-12.092,0.895,0.0333,41
0.761,0.778,107.288,0.923,-5.529,0.141,0.0525,61
0.618,0.571,156.892,0.852,-5.682,0.18,0.0371,62
0.846,0.788,115.636,0.738,-5.017,0.0103,0.0372,69
0.159,0.394,83.072,0.246,-12.68,0.964,0.0286,11
0.626,0.691,79.669,0.964,-6.105,0.311,0.0287,22
0.898,0.591,179.947,0.784,-6.167,0.31,0.0478,33
0.339,0.558,135.235,0.309,-10.393,0.429,0.0274,53
0.366,0.604,141.981,0.13,-7.519,0.578,0.0282,82
0.049,0.46,142.786,0.483,-27.913,0.995,0.0531,59
0.835,0.743,120.019,0.955,-4.655,0.25,0.029,71
0.709,0.716,100.059,0.434,-4.683,0.0749,0.0529,0
0.432,0.576,132.144,0.348,-13.642,0.233,0.0314,63
0.7,0.584,124.944,0.438,-4.275,0.117,0.0456,78
0.828,0.834,102.019,0.58,-2.657,0.21,0.0452,91
0.891,0.746,110.95,0.867,-5.456,0.00199,0.0281,37
0.554,0.547,91.386,0.848,-11.165,0.602,0.0374,64
0.97,0.489,102.508,0.42,-3.832,0.00837,0.125,35
0.326,0.497,81.541,0.236,-8.412,0.98,0.111,0
0.836,0.634,139.957,0.715,-3.004,0.00609,0.0427,0
0.707,0.525,140.016,0.221,-13.787,0.812,0.0667,26
0.317,0.444,144.238,0.921,-18.349,0.744,0.0355,0
0.55,0.625,83.007,0.353,-6.916,0.301,0.0258,51
0.624,0.693,105.002,0.369,-7.482,0.299,0.0448,71
0.649,0.609,121.88,0.748,-16.546,0.00978,0.0502,5
0.496,0.797,103.703,0.587,-10.054,0.396,0.0382,0
0.453,0.546,104.532,0.74,-13.04,0.382,0.121,70
0.811,0.736,103.502,0.609,-4.17,0.00132,0.081,73
0.673,0.671,121.963,0.494,-6.941,0.148,0.0444,85
0.684,0.906,117.06,0.93,-5.667,0.0514,0.0503,39
0.595,0.881,130.019,0.911,-9.781,0.282,0.0714,47
0.965,0.515,94.409,0.659,-2.892,0.148,0.23,23
0.644,0.631,119.963,0.64,-10.651,0.756,0.072,30
0.266,0.532,124.832,0.626,-11.076,0.791,0.029,20
0.842,0.494,162.011,0.574,-4.784,0.00579,0.0843,78
0.532,0.586,99.994,0.494,-8.837,0.779,0.0328,71
0.674,0.758,97.977,0.424,-4.533,0.0903,0.108,79
0.747,0.621,124.015,0.426,-5.084,0.222,0.0337,76
0.914,0.586,127.999,0.696,-2.684,0.135,0.066,41
0.723,0.518,100.118,0.363,-8.075,0.157,0.137,70
0.783,0.32,154.123,0.852,-6.834,0.0088,0.059,21
0.606,0.448,121.15,0.483,-4.565,0.577,0.0609,0
0.683,0.531,84.817,0.212,-4.093,0.135,0.333,67
0.00674,0.248,176.236,0.185,-36.547,0.952,0.0417,60
0.587,0.682,153.022,0.292,-12.296,0.127,0.222,62
0.836,0.461,175.923,0.947,-4.066,0.602,0.0766,28
0.925,0.266,95.438,0.2,-3.75,0.000233,0.0834,61
0.772,0.234,170.372,0.658,-5.426,0.000971,0.0833,27
0.781,0.68,140.013,0.438,-8.32,0.0806,0.252,42
0.874,0.428,119.708,0.261,-6.664,0.000337,0.128,62
0.948,0.577,120.014,0.649,-5.811,0.000211,0.0731,29
0.81,0.544,94.996,0.668,-5.135,0.00016,0.0373,62
0.743,0.56,144.89,0.331,-7.878,0.197,0.0685,40
0.86,0.478,145.89,0.735,-5.0,0.302,0.0653,40
0.961,0.413,139.988,0.301,-6.937,0.000582,0.062,34
0.294,0.765,82.064,0.415,-7.257,0.816,0.06,33
0.752,0.571,102.043,0.25,-4.872,0.0196,0.0293,59
0.883,0.671,105.023,0.644,-3.269,0.0882,0.0279,35
0.815,0.636,123.063,0.636,-5.098,0.0185,0.0581,76
0.711,0.875,103.398,0.906,-10.999,0.489,0.0518,0
0.598,0.748,124.96,0.838,-4.923,0.695,0.03,40
0.817,0.904,101.988,0.753,-3.956,0.0254,0.0871,2
0.523,0.649,100.038,0.697,-7.413,0.157,0.0267,41
0.569,0.6,112.996,0.537,-6.257,0.846,0.0309,46
0.64,0.545,80.544,0.606,-9.937,0.00249,0.224,77
0.69,0.749,115.928,0.328,-6.559,0.607,0.0489,45
0.905,0.514,128.01,0.315,-6.727,0.0011,0.0504,50
0.901,0.658,93.979,0.708,-2.814,0.0478,0.0357,69
0.398,0.77,175.175,0.287,-12.815,0.0257,0.165,27
0.8,0.816,118.014,0.534,-5.705,0.0283,0.0733,75
0.822,0.586,109.024,0.473,-7.04,0.000102,0.0284,53
0.494,0.437,79.197,0.564,-4.163,0.732,0.0309,47
0.968,0.401,151.762,0.27,-5.344,0.0191,0.119,21
0.669,0.481,128.219,0.351,-13.329,0.92,0.455,38
0.402,0.798,113.965,0.218,-12.138,0.745,0.0731,46
0.865,0.728,135.571,0.975,-5.68,0.151,0.0364,66
0.937,0.592,102.073,0.529,-4.905,0.00139,0.0442,66
0.972,0.663,123.978,0.645,-4.93,0.0116,0.0467,34
0.88,0.501,137.971,0.141,-7.465,0.00845,0.0517,21
0.461,0.676,87.917,0.715,-6.746,0.0322,0.143,73
0.707,0.626,138.062,0.481,-4.761,0.22,0.0335,42
0.697,0.545,87.403,0.493,-13.205,0.821,0.859,21
0.583,0.491,150.566,0.908,-10.964,0.185,0.0376,80
0.599,0.627,105.102,0.751,-5.839,0.695,0.0975,19
0.571,0.598,173.141,0.962,-12.616,0.704,0.139,69
0.401,0.608,120.001,0.181,-10.68,0.462,0.031,50
0.933,0.627,150.035,0.449,-3.951,0.00239,0.0803,46
0.75,0.445,95.957,0.466,-7.159,0.00805,0.035,71
0.00269,0.188,77.668,0.0347,-35.534,0.995,0.0379,35
0.45,0.677,86.898,0.574,-11.222,0.78,0.025,38
0.823,0.674,94.118,0.673,-8.654,0.0199,0.202,49
0.589,0.678,143.616,0.94,-9.484,0.0336,0.0541,32
0.762,0.783,127.993,0.33,-4.727,0.158,0.0507,71
0.926,0.744,129.949,0.674,-4.981,0.00576,0.0936,52
0.915,0.542,159.81,0.92,-9.637,0.319,0.0549,63
0.898,0.554,113.289,0.853,-7.642,0.00732,0.0474,17
0.374,0.549,104.311,0.439,-12.049,0.6,0.0244,64
0.981,0.312,96.964,0.291,-3.964,0.000129,0.111,19
0.264,0.222,81.536,0.341,-10.185,0.914,0.0376,44
0.501,0.621,119.897,0.304,-6.229,0.089,0.0409,40
0.909,0.685,95.004,0.922,-4.034,0.0471,0.0396,2
0.746,0.626,102.896,0.8,-8.832,0.16,0.0282,67
0.846,0.687,121.998,0.254,-6.722,0.00105,0.0465,29
0.944,0.557,140.04,0.729,-4.04,0.000845,0.08,32
0.762,0.756,135.001,0.643,-7.316,1.09e-05,0.0587,11
0.543,0.55,74.008,0.35,-6.961,0.769,0.0268,67
0.421,0.622,169.92,0.513,-7.113,0.179,0.0371,44
0.152,0.263,85.462,0.136,-18.721,0.957,0.036,31
0.78,0.705,142.028,0.457,-6.267,0.456,0.0805,70
0.794,0.698,135.981,0.861,-3.333,0.000335,0.0483,0
0.751,0.721,140.095,0.738,-6.203,0.162,0.125,78
0.379,0.751,109.521,0.801,-3.406,0.698,0.123,0
0.373,0.705,120.046,0.551,-9.066,0.723,0.0384,73
0.795,0.483,171.853,0.685,-4.338,0.00258,0.181,66
0.722,0.61,81.034,0.632,-6.127,0.421,0.0411,30
0.723,0.737,100.939,0.783,-4.165,0.303,0.0705,72
0.355,0.753,111.863,0.506,-13.295,0.48,0.0898,76
0.0274,0.341,114.118,0.116,-26.864,0.99,0.0515,23
0.843,0.251,93.102,0.211,-5.318,0.0715,0.055,48
0.82,0.723,126.025,0.337,-3.899,0.0557,0.03,57
0.0836,0.541,181.032,0.452,-12.663,0.913,0.313,68
0.662,0.341,174.875,0.2,-5.023,0.105,0.0335,37
0.478,0.588,93.01,0.314,-7.271,0.795,0.0241,47
0.682,0.329,148.029,0.162,-6.374,0.221,0.0526,61
0.636,0.759,109.976,0.536,-5.585,0.0224,0.0369,75
0.824,0.699,102.987,0.0895,-5.176,0.00741,0.0664,44
0.982,0.5,103.033,0.507,-3.496,4.72e-05,0.0727,0
0.359,0.223,73.059,0.193,-7.569,0.845,0.0312,70
0.59,0.582,127.006,0.605,-7.363,0.439,0.0939,22
0.69,0.782,99.944,0.429,-7.811,0.00909,0.0708,69
0.604,0.653,119.98,0.0768,-10.177,0.0448,0.0327,63
0.412,0.663,98.023,0.356,-8.195,0.00434,0.364,63
0.537,0.921,128.009,0.711,-5.723,0.556,0.0804,83
0.87,0.477,123.917,0.486,-5.812,0.0892,0.245,24
0.981,0.679,150.034,0.633,-0.999,0.0067,0.0906,44
2.03e-05,0.0,0.0,0.0,-0.689,0.986,0.0,35
0.362,0.553,142.352,0.158,-11.218,0.0458,0.0263,80
0.434,0.51,119.695,0.207,-10.004,0.177,0.0361,71
0.651,0.692,97.923,0.706,-8.267,0.292,0.0324,76
0.614,0.553,136.628,0.345,-5.098,0.764,0.0306,71
0.703,0.746,166.043,0.667,-4.179,0.352,0.107,67
0.949,0.273,149.837,0.0911,-3.437,0.000493,0.136,50
0.622,0.715,158.088,0.407,-3.046,0.11,0.111,0
0.638,0.531,164.079,0.445,-5.145,0.00409,0.0809,72
0.717,0.779,115.384,0.789,-9.7,0.0125,0.0335,63
0.52,0.477,171.895,0.383,-7.582,0.679,0.395,63
0.591,0.576,124.013,0.478,-7.725,0.795,0.0332,62
0.914,0.431,147.108,0.534,-4.243,0.000243,0.0616,62
0.179,0.332,96.529,0.315,-11.83,0.879,0.0326,76
0.811,0.414,137.617,0.762,-4.4,0.00133,0.0919,62
0.695,0.583,104.879,0.224,-5.336,0.0141,0.0423,76
0.917,0.55,126.115,0.601,-3.159,0.00428,0.0638,81
0.673,0.724,130.099,0.473,-3.588,0.408,0.0813,42
0.543,0.43,143.912,0.354,-6.296,0.463,0.0367,0
0.749,0.703,172.066,0.963,-6.056,0.517,0.0396,42
0.91,0.665,84.099,0.887,-4.682,0.0394,0.223,72
0.795,0.736,104.066,0.511,-3.299,0.498,0.0545,72
0.508,0.811,102.962,0.0719,-9.978,0.0466,0.0499,61
0.481,0.689,80.025,0.283,-7.503,0.369,0.0815,82
0.989,0.57,162.97,0.889,-4.217,0.0697,0.0526,26
0.869,0.676,120.029,0.594,-1.573,0.115,0.0423,73
0.303,0.898,140.23,0.68,-6.68,0.219,0.403,66
0.519,0.839,170.051,0.338,-5.883,0.253,0.277,64
0.713,0.599,123.962,0.518,-7.008,0.405,0.0542,76
0.886,0.774,125.012,0.868,-7.569,0.0306,0.0501,62
0.978,0.519,157.013,0.272,-2.851,0.0158,0.282,21
0.764,0.631,100.056,0.764,-4.298,0.818,0.0364,16
0.849,0.627,120.033,0.551,-6.159,0.0156,0.0342,40
0.424,0.578,112.06,0.634,-9.352,0.318,0.0277,13
0.947,0.389,92.407,0.182,-6.817,0.0589,0.125,34
0.616,0.592,129.896,0.492,-7.227,0.0917,0.0337,60
0.679,0.753,117.961,0.688,-4.792,0.139,0.0569,56
0.831,0.471,145.944,0.224,-5.215,0.767,0.0423,39
0.858,0.639,136.988,0.84,-5.732,0.0243,0.0254,37
0.49,0.441,94.644,0.654,-12.033,0.113,0.0691,27
0.746,0.73,115.029,0.52,-6.618,0.141,0.0263,0
0.946,0.482,135.071,0.284,-3.23,0.00251,0.0852,64
0.441,0.575,98.868,0.665,-9.141,0.806,0.0552,19
0.516,0.642,82.009,0.372,-7.957,0.541,0.0237,43
0.382,0.546,76.734,0.234,-10.051,0.854,0.0339,20
0.913,0.644,134.002,0.45,-8.782,0.00656,0.0559,11
0.243,0.636,142.016,0.239,-9.509,0.815,0.04,67
0.662,0.669,99.985,0.33,-5.698,0.403,0.0463,61
0.924,0.295,171.941,0.219,-3.407,4.02e-05,0.0678,67
0.717,0.676,162.016,0.451,-8.641,0.323,0.323,66
0.39,0.189,169.563,0.32,-14.497,0.257,0.0353,68
0.406,0.68,119.901,0.551,-11.313,0.782,0.0414,69
0.148,0.285,77.603,0.381,-32.145,0.987,0.0372,61
0.65,0.638,88.945,0.904,-7.266,0.813,0.0337,30
0.599,0.334,161.74,0.127,-5.742,0.0468,0.0365,82
0.846,0.575,130.128,0.357,-5.559,8.98e-05,0.0324,61
0.623,0.724,118.025,0.68,-7.287,0.227,0.0267,26
0.81,0.468,145.589,0.464,-8.33,0.00169,0.0724,1
0.78,0.54,144.011,0.514,-5.872,0.0263,0.0418,61
0.548,0.621,90.002,0.433,-6.494,0.444,0.0258,26
0.981,0.618,140.028,0.91,-1.514,0.0652,0.068,0
0.404,0.459,81.849,0.244,-8.279,0.437,0.0257,41
0.833,0.715,95.487,0.612,-5.379,0.00631,0.108,75
0.456,0.811,119.849,0.719,-8.821,0.595,0.0448,45
0.712,0.673,113.061,0.912,-7.858,0.159,0.0273,0
0.23,0.685,96.085,0.0417,-12.525,0.367,0.0388,64
0.666,0.662,159.969,0.605,-5.441,0.583,0.125,0
0.247,0.666,94.808,0.406,-11.586,0.798,0.634,43
0.878,0.554,132.896,0.55,-3.02,0.00146,0.0513,70
0.8,0.773,131.948,0.792,-3.929,0.75,0.0389,39
0.922,0.832,127.999,0.716,-3.866,0.0361,0.0712,66
0.306,0.613,122.915,0.284,-11.65,0.943,0.154,41
0.121,0.574,120.776,0.639,-19.737,0.95,0.048,0
0.0646,0.307,104.431,0.216,-13.492,0.994,0.0312,0
0.725,0.182,143.151,0.778,-8.504,0.205,0.0356,27
0.94,0.367,157.966,0.384,-5.554,0.0102,0.165,23
0.851,0.454,125.05,0.126,-5.436,0.153,0.054,47
0.786,0.387,149.806,0.462,-4.127,0.0195,0.0436,0
0.633,0.507,99.066,0.46,-15.427,0.0142,0.0959,16
0.968,0.799,129.99,0.1,-7.343,2.98e-06,0.0484,15
0.719,0.704,84.414,0.962,-5.353,0.633,0.0363,70
0.533,0.801,121.959,0.626,-6.198,0.707,0.222,73
0.443,0.623,131.644,0.629,-11.551,0.165,0.036,0
0.726,0.609,79.967,0.616,-3.947,0.00252,0.108,59
0.832,0.737,160.022,0.67,-5.199,0.26,0.165,54
0.304,0.459,76.954,0.072,-10.107,0.967,0.136,67
0.649,0.677,140.649,0.139,-9.824,0.907,0.0792,54
0.564,0.753,105.686,0.781,-6.844,0.906,0.0363,34
0.913,0.573,88.418,0.795,-6.52,0.00861,0.0409,0
0.884,0.432,108.948,0.624,-6.659,0.0127,0.13,77
0.936,0.432,157.469,0.499,-4.537,0.00691,0.0562,65
0.891,0.631,105.066,0.402,-13.072,0.0451,0.0681,31
0.147,0.407,141.284,0.0765,-8.822,0.857,0.0355,70
0.625,0.659,88.042,0.442,-2.253,0.0644,0.045,74
0.902,0.404,115.669,0.497,-3.88,0.577,0.0665,74
0.00344,0.075,171.06,1e-05,-19.787,0.871,0.273,63
0.625,0.634,97.79,0.834,-10.287,0.743,0.045,38
0.644,0.242,122.843,0.11,-11.98,0.00474,0.101,13
0.522,0.589,109.094,0.31,-10.649,0.642,0.0391,67
0.895,0.691,127.924,0.581,-4.3,0.0274,0.0756,56
0.305,0.304,146.066,0.464,-10.879,0.871,0.0298,71
0.515,0.37,115.732,0.42,-9.487,0.0233,0.0321,61
0.23,0.465,123.102,0.114,-13.791,0.349,0.0325,0
0.294,0.647,124.999,0.323,-10.344,0.728,0.0312,71
0.562,0.865,85.02,0.81,-6.811,0.0318,0.251,64
0.178,0.532,149.879,0.103,-9.754,0.614,0.0541,76
0.951,0.419,149.981,0.173,-5.33,0.00156,0.0407,24
0.468,0.821,121.023,0.853,-11.335,0.502,0.131,14
0.934,0.582,117.829,0.849,-3.256,0.113,0.061,18
0.947,0.67,129.974,0.963,-1.608,0.0884,0.0441,27
0.839,0.735,100.017,0.609,-4.263,0.129,0.0381,70
0.793,0.705,125.01,0.539,-6.11,0.00336,0.0462,17
0.777,0.8,127.008,0.249,-6.526,0.00278,0.0405,49
0.723,0.735,119.938,0.533,-6.032,0.0128,0.0725,46
0.0384,0.305,81.917,0.0856,-28.605,0.961,0.0301,61
0.0682,0.691,76.94,0.352,-18.186,0.951,0.0645,67
0.701,0.799,100.946,0.607,-3.272,0.309,0.282,72
0.517,0.314,86.491,0.32,-7.179,0.598,0.0312,37
0.812,0.689,108.064,0.706,-5.084,0.0977,0.0995,59
0.632,0.697,121.055,0.151,-12.469,0.00815,0.0451,11
0.876,0.311,124.584,0.296,-5.115,0.0466,0.0936,55
0.378,0.591,120.082,0.669,-9.356,0.482,0.0603,41
0.382,0.733,98.027,0.517,-7.955,0.132,0.0459,69
0.932,0.218,167.718,0.315,-6.803,0.0155,0.098,0
0.838,0.533,80.049,0.722,-5.625,0.0251,0.0837,0
0.777,0.834,129.984,0.865,-4.538,0.22,0.0593,66
0.938,0.317,175.018,0.132,-6.973,2.62e-06,0.078,50
0.966,0.52,128.02,0.0382,-5.845,8.96e-05,0.0601,49
0.563,0.416,77.56,0.9,-8.724,0.207,0.0298,68
0.31,0.665,108.211,0.568,-8.928,0.68,0.0278,61
0.784,0.669,125.993,0.517,-5.603,0.194,0.112,78
0.461,0.701,91.461,0.354,-10.749,0.0386,0.406,18
0.681,0.701,122.539,0.81,-6.442,0.134,0.0466,64
0.788,0.742,130.849,0.514,-10.803,0.0862,0.0669,62
0.558,0.548,80.031,0.7,-4.339,0.46,0.227,64
0.828,0.597,125.053,0.396,-5.02,0.0309,0.0681,51
0.755,0.597,139.004,0.755,-6.672,0.415,0.0365,21
0.53,0.505,84.77,0.682,-9.391,0.00437,0.0499,41
0.781,0.432,139.432,0.197,-4.038,0.041,0.0567,74
0.186,0.61,114.57,0.35,-13.867,0.984,0.0294,11
0.805,0.223,168.165,0.25,-8.969,0.000179,0.037,73
0.451,0.667,78.038,0.657,-6.374,0.602,0.0529,37
0.519,0.653,98.883,0.822,-10.164,0.406,0.0497,78
0.687,0.637,119.995,0.0878,-8.63,0.0587,0.041,50
0.592,0.373,84.215,0.109,-9.837,0.624,0.126,60
0.674,0.771,124.902,0.138,-5.821,0.0995,0.0468,38
0.755,0.536,95.029,0.352,-5.942,0.00334,0.0565,35
0.843,0.424,90.247,0.115,-6.197,0.00101,0.0394,0
0.695,0.583,104.879,0.224,-5.336,0.0141,0.0423,76
0.578,0.697,114.995,0.3,-5.213,0.393,0.095,68
0.737,0.729,91.99,0.369,-3.727,0.275,0.064,71
0.942,0.534,95.126,0.629,-4.15,0.0121,0.0677,65
0.63,0.719,170.103,0.4,-7.142,0.255,0.0853,71
0.845,0.418,113.794,0.202,-12.182,0.572,0.0415,0
0.586,0.662,90.0,0.296,-8.821,0.097,0.0307,70
0.013,0.321,106.316,0.216,-28.058,0.992,0.0387,62
0.572,0.553,164.046,0.66,-10.332,2.94e-05,0.0443,54
0.62,0.891,98.093,0.404,-7.463,0.139,0.244,60
0.723,0.595,108.043,0.272,-8.256,0.047,0.0349,64
0.798,0.788,105.002,0.0382,-9.79,0.0856,0.0641,54
0.833,0.627,123.999,0.394,-7.037,0.00287,0.0408,35
0.357,0.33,115.09,0.139,-8.439,0.918,0.0334,16
0.688,0.686,123.125,0.493,-4.981,0.39,0.0254,71
0.936,0.494,107.543,0.834,-7.195,0.0112,0.0398,64
0.359,0.858,99.989,0.432,-12.197,0.146,0.0437,61
0.633,0.791,108.0,0.0732,-11.506,0.0187,0.0486,55
0.591,0.9,132.111,0.557,-5.712,0.107,0.0487,0
0.695,0.512,145.957,0.351,-6.349,0.0265,0.0271,67
0.782,0.504,123.883,0.619,-9.27,0.0661,0.0301,55
0.863,0.456,135.962,0.532,-3.551,0.133,0.0894,72
0.802,0.505,150.054,0.516,-4.31,0.0017,0.0453,23
0.764,0.752,121.958,0.582,-4.399,0.0476,0.038,75
0.783,0.503,125.122,0.213,-4.761,0.0221,0.0385,71
0.412,0.825,85.831,0.432,-10.358,0.31,0.123,19
0.621,0.72,114.987,0.566,-9.773,0.676,0.0491,66
0.498,0.329,133.17,0.188,-9.257,0.573,0.0397,26
0.792,0.774,122.062,0.507,-4.021,0.051,0.0523,0
0.913,0.665,100.004,0.439,-2.301,0.000148,0.0461,51
0.621,0.743,90.384,0.865,-10.742,0.465,0.0651,0
0.655,0.58,163.987,0.453,-7.96,0.576,0.095,51
0.517,0.649,119.968,0.185,-5.227,0.54,0.0273,0
0.769,0.557,116.088,0.395,-5.401,0.412,0.0285,57
0.553,0.401,79.144,0.364,-8.263,0.47,0.0337,72
0.547,0.282,151.468,0.133,-8.621,0.03,0.0322,61
0.465,0.383,103.813,0.553,-8.705,0.00171,0.029,38
0.573,0.731,109.928,0.145,-10.059,0.401,0.0544,80
0.372,0.681,91.873,0.476,-8.237,0.64,0.0432,83
0.958,0.417,174.089,0.458,-3.418,0.000738,0.139,63
0.513,0.909,110.015,0.746,-6.997,0.147,0.0432,43
0.208,0.339,98.54,0.288,-16.725,0.396,0.0308,75
0.735,0.363,145.556,0.0721,-3.857,0.0014,0.0428,39
0.703,0.514,157.399,0.356,-6.859,0.0107,0.0298,70
0.768,0.657,75.025,0.759,-4.628,0.108,0.0507,74
0.447,0.858,119.98,0.256,-7.917,0.67,0.0343,63
0.727,0.623,125.975,0.4,-5.57,0.184,0.0562,0
0.0504,0.243,61.783,0.2,-23.171,0.994,0.0477,40
0.201,0.427,105.218,0.0668,-13.044,0.745,0.0317,76
0.996,0.626,112.457,0.36,-1.521,0.0582,0.285,17
0.72,0.581,126.017,0.109,-5.77,0.0014,0.0407,42
0.538,0.582,76.008,0.355,-9.395,0.636,0.0353,51
0.747,0.746,113.932,0.668,-8.217,0.579,0.0353,65
0.447,0.643,91.019,0.676,-6.411,0.0978,0.0256,60
0.718,0.64,92.989,0.735,-5.088,0.0629,0.0649,60
0.662,0.512,180.114,0.472,-6.797,0.0275,0.0439,79
0.485,0.389,175.991,0.249,-8.961,0.7,0.0348,61
0.846,0.679,100.077,0.369,-4.908,0.0964,0.339,38
0.606,0.807,92.988,0.304,-8.871,0.0946,0.0872,0
0.834,0.703,127.944,0.537,-5.491,0.0396,0.0508,57
0.497,0.51,119.261,0.44,-6.353,0.954,0.0367,21
0.528,0.822,108.01,0.518,-7.61,0.423,0.0398,57
0.424,0.439,80.989,0.249,-7.533,0.717,0.0255,37
0.809,0.734,116.024,0.254,-7.264,0.0266,0.0839,74
0.117,0.798,137.83,0.192,-16.003,0.992,0.0723,59
0.789,0.404,154.858,0.159,-4.516,0.0243,0.0566,67
0.337,0.553,102.213,0.664,-10.334,0.818,0.0303,0
0.534,0.701,116.022,0.468,-9.159,0.0251,0.0344,57
0.941,0.467,134.968,0.172,-6.992,0.00276,0.0359,47
0.15,0.433,139.806,0.115,-16.9,0.958,0.0437,0
0.462,0.696,124.377,0.526,-9.152,0.695,0.036,0
0.837,0.756,132.146,0.588,-6.943,0.297,0.051,62
0.673,0.479,151.799,0.747,-4.977,0.000568,0.0531,57
0.914,0.45,174.087,0.424,-0.513,0.0121,0.0376,52
0.731,0.767,114.113,0.444,-3.118,0.356,0.0361,41
0.807,0.644,126.888,0.915,-12.939,0.0631,0.057,3
0.982,0.356,95.754,0.299,-1.574,0.713,0.112,72
0.886,0.763,150.073,0.631,-3.745,0.114,0.258,24
0.953,0.572,127.089,0.912,-3.634,0.00588,0.0608,20
0.27,0.475,145.902,0.748,-10.675,0.786,0.0282,15
0.777,0.562,174.064,0.861,-7.929,0.33,0.0543,47
0.769,0.891,128.006,0.92,-3.926,0.0184,0.133,20
0.892,0.796,120.4,0.965,-8.31,0.00475,0.0333,65
0.789,0.843,125.071,0.571,-2.801,0.0028,0.247,78
0.215,0.743,162.09,0.521,-14.52,0.854,0.0514,44
0.642,0.59,107.356,0.651,-3.87,0.0771,0.122,68
0.355,0.592,133.032,0.499,-14.051,0.478,0.0352,75
0.243,0.636,142.016,0.239,-9.509,0.815,0.04,67
0.881,0.559,134.9,0.653,-4.377,0.000895,0.0758,31
0.786,0.676,125.983,0.483,-4.529,0.197,0.0478,72
0.653,0.451,90.419,0.685,-5.687,0.785,0.0382,37
0.663,0.383,143.992,0.152,-7.054,0.0125,0.0324,42
0.757,0.447,134.987,0.304,-5.832,0.0776,0.0417,40
0.196,0.439,129.581,0.525,-16.093,0.88,0.0601,0
0.745,0.724,97.963,0.528,-4.781,0.467,0.0319,54
0.432,0.362,81.29,0.256,-9.359,0.0882,0.112,68
0.359,0.587,108.371,0.536,-13.472,0.933,0.0664,28
0.549,0.644,90.04,0.167,-5.415,0.0209,0.0285,78
0.257,0.352,167.833,0.49,-13.716,0.473,0.0557,45
0.191,0.546,134.559,0.598,-19.721,0.888,0.0347,22
0.677,0.386,126.602,0.195,-5.83,0.00841,0.0346,72
0.845,0.883,116.004,0.656,-2.069,0.0161,0.0585,66
0.312,0.3,149.921,0.203,-12.083,0.209,0.0294,30
0.858,0.69,91.884,0.755,-4.431,0.189,0.0529,1
0.62,0.67,108.243,0.876,-7.247,0.045,0.0274,46
0.911,0.544,91.033,0.558,-3.681,0.000141,0.0422,71
0.301,0.437,110.409,0.559,-11.153,0.865,0.0397,21
0.661,0.589,141.914,0.452,-7.769,0.637,0.034,38
0.495,0.532,124.936,0.308,-6.662,0.659,0.0343,78
0.347,0.682,82.115,0.694,-16.572,0.145,0.0628,35
0.512,0.655,160.101,0.539,-7.429,0.0506,0.188,44
0.873,0.27,172.442,0.681,-5.298,0.00736,0.0928,36
0.706,0.417,127.884,0.512,-4.652,0.00933,0.0945,65
0.678,0.563,127.883,0.134,-4.717,0.0228,0.0392,66
0.748,0.504,125.889,0.356,-4.124,0.0308,0.062,0
0.799,0.56,174.005,0.661,-3.572,0.362,0.187,49
0.869,0.639,169.801,0.767,-4.024,0.27,0.147,78
0.991,0.292,139.048,0.336,-4.86,8.7e-05,0.152,33
0.597,0.742,100.056,0.121,-9.405,0.297,0.0307,50
0.415,0.74,136.029,0.156,-8.914,0.242,0.0707,71
0.684,0.36,77.15,0.2,-6.457,0.323,0.0308,74
0.887,0.442,146.358,0.637,-5.943,0.0259,0.1,76
0.653,0.703,148.02,0.414,-3.969,0.0543,0.0376,64
0.732,0.583,145.992,0.276,-5.728,0.00312,0.0457,74
0.449,0.684,66.165,0.341,-9.738,0.869,0.611,80
0.241,0.704,140.411,0.661,-13.258,0.625,0.0476,63
0.91,0.454,125.116,0.629,-7.766,0.0866,0.0448,84
0.933,0.626,128.078,0.291,-7.681,0.000165,0.0516,60
0.576,0.743,171.945,0.455,-3.552,0.151,0.076,82
0.288,0.604,81.677,0.701,-14.538,0.653,0.909,23
0.697,0.812,92.03,0.477,-3.441,0.134,0.0694,78
0.481,0.494,146.155,0.174,-8.709,0.227,0.0397,37
0.513,0.576,120.025,0.074,-8.541,0.208,0.0323,52
0.696,0.777,129.026,0.529,-7.809,0.0209,0.166,59
0.849,0.363,170.627,0.429,-7.744,0.0666,0.0554,63
0.861,0.493,109.535,0.583,-2.604,0.000394,0.0341,18
0.542,0.865,91.006,0.68,-3.827,0.118,0.0749,65
0.747,0.499,123.347,0.685,-5.476,0.0187,0.0558,30
0.977,0.198,195.795,0.351,-3.499,0.00131,0.173,66
0.689,0.556,144.843,0.296,-5.778,0.62,0.0373,46
0.346,0.38,117.916,0.358,-14.313,0.648,0.0417,0
0.537,0.726,96.889,0.882,-8.896,0.316,0.114,71
0.574,0.83,143.892,0.538,-6.892,0.281,0.701,67
0.561,0.582,82.969,0.412,-7.068,0.0687,0.0293,46
0.181,0.0999,71.277,0.0922,-17.599,0.94,0.0424,64
0.308,0.527,136.297,0.514,-11.809,0.551,0.0284,64
0.948,0.529,146.024,0.65,-3.527,0.258,0.0474,67
0.841,0.615,126.026,0.316,-5.352,0.0178,0.0416,63
0.91,0.468,163.842,0.694,-3.057,0.12,0.051,70
0.913,0.387,185.957,0.674,-3.761,0.00366,0.0814,67
0.791,0.516,96.921,0.48,-1.927,0.00345,0.0318,72
0.985,0.507,95.0,0.23,-0.181,0.0467,0.192,61
0.886,0.574,123.973,0.555,-2.452,0.00899,0.0945,31
0.77,0.762,177.998,0.631,-2.758,0.138,0.223,81
0.973,0.396,102.664,0.316,-3.268,0.00186,0.077,22
0.862,0.656,98.005,0.814,-6.248,0.618,0.0394,36
0.731,0.484,101.654,0.51,-6.694,0.431,0.0379,82
0.37,0.652,99.894,0.662,-9.922,0.661,0.0604,73
0.935,0.576,104.964,0.169,-6.092,0.000908,0.0623,49
0.437,0.535,105.22,0.127,-9.187,0.669,0.0248,71
0.89,0.589,90.598,0.692,-3.719,0.000481,0.0603,80
0.812,0.486,112.648,0.303,-6.244,0.0106,0.0553,62
0.0715,0.509,119.85,0.0386,-22.005,0.978,0.0362,37
0.0184,0.343,66.526,0.303,-32.656,0.993,0.0444,59
0.405,0.615,132.021,0.223,-9.116,0.789,0.0324,25
0.7,0.857,93.997,0.773,-4.189,0.0411,0.074,73
0.652,0.711,144.084,0.961,-6.504,0.356,0.229,29
0.396,0.285,79.442,0.219,-8.741,0.674,0.0318,64
0.494,0.78,109.987,0.395,-7.973,0.604,0.114,57
0.711,0.778,108.127,0.858,-11.367,0.352,0.0643,0
0.956,0.757,104.921,0.627,-3.277,0.0221,0.131,53
0.71,0.876,98.305,0.724,-12.908,0.0654,0.347,62
0.676,0.66,126.0,0.0883,-10.05,0.0124,0.0343,38
0.464,0.385,137.839,0.15,-6.975,0.452,0.0404,72
0.534,0.673,110.513,0.742,-14.0,0.715,0.0692,0
0.51,0.468,95.703,0.51,-5.944,0.821,0.029,30
0.902,0.404,115.669,0.497,-3.88,0.577,0.0665,74
0.627,0.752,145.963,0.925,-7.835,0.847,0.0722,35
0.907,0.772,119.973,0.783,-2.438,0.136,0.124,86
0.725,0.648,100.192,0.563,-7.064,0.063,0.266,0
0.567,0.373,137.789,0.298,-10.835,0.0236,0.032,69
0.527,0.68,88.958,0.192,-6.748,0.232,0.11,75
0.963,0.554,128.175,0.918,-3.762,0.000244,0.035,76
0.664,0.518,83.953,0.44,-5.168,0.374,0.038,62
0.345,0.338,189.65,0.379,-11.324,0.803,0.0469,30
0.683,0.585,94.502,0.7,-8.86,0.211,0.0298,45
0.805,0.691,142.503,0.866,-6.81,0.59,0.0947,64
0.373,0.471,110.38,0.566,-10.311,0.537,0.0277,35
0.514,0.695,112.797,0.821,-7.974,0.379,0.0386,43
0.801,0.609,122.958,0.202,-8.483,0.0246,0.0694,1
0.475,0.817,121.05,0.736,-5.627,0.356,0.0465,60
0.901,0.623,179.985,0.896,-4.402,0.0785,0.182,69
0.929,0.747,126.005,0.629,-9.855,0.0591,0.0681,13
0.99,0.254,176.089,0.238,-5.143,0.0597,0.139,20
0.887,0.188,161.697,0.538,-6.479,8.08e-05,0.0732,19
0.902,0.668,119.008,0.913,-3.924,0.169,0.0386,71
0.666,0.863,163.908,0.838,-4.158,0.212,0.152,76
0.954,0.407,171.988,0.454,-3.753,0.000629,0.0532,0
0.611,0.714,139.784,0.323,-5.211,0.452,0.34,33
0.608,0.728,102.012,0.307,-5.577,0.2,0.0244,20
0.823,0.528,125.992,0.686,-5.294,0.0202,0.0407,0
0.446,0.743,123.596,0.278,-7.807,0.0039,0.0683,84
0.134,0.778,116.078,0.287,-17.927,0.967,0.0506,71
0.897,0.578,115.491,0.737,-3.906,0.000666,0.0357,67
0.232,0.436,145.978,0.278,-11.736,0.937,0.0324,23
0.777,0.27,204.922,0.752,-7.899,0.000132,0.061,41
0.671,0.644,132.001,0.563,-5.156,0.0225,0.315,70
0.369,0.85,124.988,0.221,-15.336,0.000203,0.145,44
0.541,0.533,144.135,0.335,-7.854,0.217,0.0252,67
0.814,0.698,131.549,0.157,-12.645,0.988,0.9,23
0.854,0.666,125.637,0.803,-5.051,0.179,0.0295,0
0.667,0.785,145.926,0.689,-8.339,0.273,0.184,41
0.555,0.236,80.718,0.325,-7.383,0.0392,0.031,0
0.399,0.312,126.025,0.144,-8.506,0.471,0.0321,70
0.809,0.515,142.011,0.525,-5.817,0.00455,0.0512,66
0.999,0.73,130.015,0.607,-3.721,0.00444,0.059,30
0.633,0.699,159.955,0.534,-6.733,0.397,0.139,62
0.00924,0.457,64.974,0.0642,-29.358,0.991,0.0505,58
0.726,0.636,162.035,0.542,-8.205,0.341,0.0456,66
0.959,0.506,149.842,0.434,-4.853,0.000392,0.0966,57
0.964,0.408,174.0,0.685,-3.61,1.01e-05,0.0474,22
0.572,0.553,135.036,0.168,-6.703,0.000115,0.039,70
0.591,0.294,146.259,0.327,-9.712,0.153,0.038,55
0.89,0.637,127.04,0.962,-2.738,0.0103,0.034,31
0.454,0.42,96.558,0.655,-5.993,0.753,0.0471,46
0.891,0.614,104.012,0.329,-5.98,0.0392,0.0522,38
0.728,0.841,130.049,0.43,-3.37,0.0847,0.0484,84
0.6,0.663,129.991,0.8,-10.87,0.43,0.032,82
0.657,0.728,122.079,0.772,-5.329,0.0696,0.042,64
0.565,0.795,87.925,0.55,-4.457,0.131,0.0948,0
0.0856,0.0847,84.245,0.0764,-24.716,0.964,0.0405,60
0.679,0.538,121.99,0.0888,-4.297,0.191,0.0333,71
0.756,0.704,121.737,0.461,-4.948,0.298,0.448,90
0.427,0.642,82.344,0.404,-8.471,0.871,0.0402,70
0.087,0.162,84.459,0.0378,-21.927,0.95,0.0491,20
0.971,0.748,139.999,0.963,-2.526,0.0669,0.0399,25
0.429,0.392,72.104,0.105,-10.279,0.527,0.0462,76
0.547,0.546,75.385,0.253,-6.722,0.467,0.138,47
0.813,0.814,79.997,0.839,-3.023,0.03,0.0561,75
0.363,0.762,155.286,0.965,-10.393,0.763,0.0415,16
0.76,0.505,106.058,0.244,-6.408,0.000436,0.0414,51
0.767,0.642,94.89,0.199,-11.105,0.0147,0.0872,15
0.109,0.398,119.382,0.306,-13.357,0.831,0.0403,37
0.535,0.791,127.488,0.963,-13.261,0.0749,0.0355,67
0.982,0.356,95.754,0.299,-1.574,0.713,0.112,72
0.84,0.543,124.037,0.394,-5.121,0.00471,0.0499,63
0.359,0.223,73.059,0.193,-7.569,0.845,0.0312,70
0.765,0.533,154.999,0.471,-7.134,0.0117,0.0399,38
0.326,0.411,81.061,0.115,-10.284,0.507,0.0299,23
0.0498,0.432,76.215,0.0589,-17.124,0.994,0.0513,28
0.611,0.82,127.883,0.637,-5.02,0.0766,0.122,69
0.598,0.625,90.078,0.5,-6.6,0.616,0.0373,71
0.695,0.755,128.063,0.493,-5.963,0.0179,0.26,76
0.624,0.607,157.305,0.757,-7.051,0.697,0.0354,66
0.958,0.578,190.012,0.666,-4.567,0.00366,0.0554,32
0.316,0.243,76.29,0.254,-9.152,0.923,0.0295,41
0.781,0.432,139.432,0.197,-4.038,0.041,0.0567,74
0.641,0.778,140.06,0.864,-6.977,0.0105,0.0437,43
0.837,0.563,98.799,0.936,-5.013,0.366,0.0584,26
0.917,0.544,176.068,0.686,-3.403,0.00313,0.259,65
0.83,0.55,94.693,0.887,-4.467,0.53,0.0708,24
0.86,0.624,100.897,0.816,-3.012,0.0704,0.124,2
0.303,0.567,124.949,0.252,-12.481,0.862,0.0351,74
0.976,0.303,88.536,0.193,-3.583,0.00266,0.225,61
0.845,0.423,116.602,0.317,-3.509,0.143,0.0559,72
0.547,0.519,109.451,0.808,-8.076,0.0329,0.0287,21
0.898,0.345,102.463,0.0456,-6.145,0.000507,0.143,47
0.339,0.499,116.269,0.656,-8.929,0.917,0.061,0
0.862,0.7,129.993,0.539,-5.11,0.000846,0.0349,25
0.0401,0.0788,81.67,0.0967,-28.56,0.962,0.0446,62
0.683,0.672,140.057,0.19,-7.759,0.0152,0.0491,53
0.898,0.654,123.996,0.722,-5.964,0.0844,0.0413,0
0.663,0.673,124.002,0.678,-10.026,0.0648,0.0446,62
0.946,0.427,101.305,0.237,-2.188,0.000118,0.0469,74
0.466,0.549,111.91,0.374,-14.512,0.0572,0.0282,10
0.912,0.638,124.997,0.91,-6.194,0.0016,0.0303,26
0.774,0.678,118.58,0.288,-6.505,0.0489,0.0273,0
0.433,0.542,140.939,0.495,-10.47,0.897,0.0305,71
0.776,0.827,118.02,0.786,-7.489,0.106,0.355,3
0.824,0.778,100.024,0.758,-5.892,0.284,0.0707,84
0.639,0.66,173.994,0.75,-5.364,0.129,0.223,63
0.773,0.704,114.714,0.791,-7.454,0.0238,0.119,43
0.894,0.683,100.026,0.911,-4.66,0.534,0.0877,38
0.958,0.697,131.965,0.608,-6.118,0.0186,0.07,18
0.702,0.791,103.646,0.789,-7.333,0.0174,0.0623,66
0.386,0.517,70.135,0.248,-12.004,0.796,0.0288,36
0.538,0.469,196.605,0.886,-13.559,0.305,0.0571,77
0.756,0.802,131.715,0.963,-10.791,0.0843,0.0349,76
0.157,0.579,143.996,0.151,-19.245,0.296,0.0572,45
0.161,0.326,131.952,0.177,-12.798,0.956,0.0366,51
0.702,0.651,124.924,0.539,-7.833,0.0256,0.0876,68
0.8,0.778,137.997,0.585,-3.529,0.254,0.227,73
0.749,0.491,110.091,0.0931,-7.936,0.00264,0.0369,21
0.862,0.645,119.947,0.803,-4.761,0.0933,0.0845,80
0.913,0.556,96.184,0.73,-2.36,0.0193,0.0437,78
0.876,0.623,124.431,0.515,-7.788,0.0189,0.066,67
0.784,0.669,125.993,0.517,-5.603,0.194,0.112,78
0.547,0.62,98.032,0.208,-6.772,0.112,0.0248,70
0.869,0.594,152.113,0.802,-4.995,0.0638,0.0728,66
0.843,0.603,172.676,0.503,-7.597,0.0031,0.0557,78
0.228,0.25,90.001,0.198,-14.186,0.811,0.0364,0
0.56,0.813,118.033,0.287,-5.904,0.108,0.0618,83
0.479,0.733,88.742,0.485,-9.27,0.575,0.301,71
0.43,0.307,145.224,0.305,-11.333,0.288,0.0629,67
0.257,0.968,114.892,0.954,-10.953,0.325,0.0981,60
0.697,0.812,92.03,0.477,-3.441,0.134,0.0694,79
0.364,0.458,154.215,0.3,-13.126,0.467,0.0431,61
0.964,0.525,90.013,0.385,-3.451,0.000328,0.0571,65
0.978,0.333,159.981,0.267,-3.452,0.00236,0.18,37
0.887,0.532,122.511,0.795,-3.757,0.0778,0.0335,85
0.647,0.792,89.029,0.638,-5.447,0.0299,0.334,77
0.469,0.756,138.048,0.617,-9.328,0.159,0.0674,61
0.92,0.564,142.039,0.691,-3.225,0.322,0.235,30
0.807,0.812,136.979,0.4,-3.354,0.11,0.339,71
0.759,0.791,102.382,0.619,-7.378,0.0314,0.129,64
0.345,0.378,76.39,0.257,-11.022,0.464,0.0805,36
0.764,0.679,124.977,0.471,-5.301,0.031,0.0391,70
0.92,0.374,191.014,0.278,-4.653,1.62e-05,0.0501,63
0.797,0.528,143.785,0.751,-7.487,0.000391,0.0485,82
0.995,0.18,116.618,0.0311,-7.597,0.0169,0.174,14
0.826,0.611,128.112,0.363,-3.56,0.00929,0.0368,51
0.911,0.534,93.767,0.624,-3.086,0.15,0.0852,66
0.883,0.771,127.008,0.895,-5.243,0.00596,0.0584,73
0.352,0.638,94.173,0.204,-9.266,0.492,0.0268,71
0.854,0.775,142.077,0.677,-8.555,0.0677,0.0919,13
0.894,0.527,144.983,0.275,-6.221,0.228,0.0736,19
0.266,0.562,88.968,0.493,-14.852,0.928,0.0409,65
0.529,0.6,134.966,0.371,-6.184,0.239,0.0277,68
0.752,0.608,110.107,0.569,-4.954,0.0163,0.0315,62
0.457,0.706,144.962,0.427,-8.667,0.369,0.0597,70
0.319,0.556,135.187,0.294,-8.251,0.893,0.0281,81
0.786,0.518,72.269,0.463,-5.739,0.448,0.0357,64
0.87,0.665,135.018,0.369,-12.887,0.00429,0.0517,11
0.696,0.799,115.067,0.414,-6.621,0.211,0.134,1
0.35,0.537,67.018,0.318,-8.937,0.838,0.0248,65
0.801,0.842,95.881,0.617,-4.167,0.157,0.228,73
0.529,0.543,85.126,0.746,-9.717,0.326,0.0301,67
0.196,0.621,91.15,0.397,-15.446,0.679,0.271,58
0.534,0.566,146.033,0.4,-7.414,0.243,0.0356,58
0.721,0.713,112.356,0.79,-7.212,0.835,0.0917,23
0.535,0.799,126.0,0.0708,-9.103,0.00183,0.0594,43
0.704,0.514,76.972,0.386,-4.724,0.0508,0.0261,64
0.454,0.558,113.12,0.424,-5.335,0.499,0.0551,0
0.689,0.595,168.112,0.213,-6.107,0.254,0.148,73
0.512,0.555,175.135,0.92,-13.151,0.687,0.0597,33
0.901,0.607,89.987,0.809,-3.406,0.0109,0.134,66
0.495,0.532,124.936,0.308,-6.662,0.659,0.0343,79
0.848,0.825,104.972,0.77,-3.275,0.309,0.241,31
0.884,0.695,100.088,0.803,-1.953,0.106,0.172,0
0.717,0.398,117.296,0.487,-5.253,0.07,0.0398,78
0.941,0.523,120.67,0.145,-4.444,0.0878,0.0377,59
0.875,0.284,75.009,0.595,-6.069,0.00752,0.0422,76
0.799,0.236,208.951,0.303,-5.167,0.0136,0.0939,69
0.382,0.733,98.027,0.517,-7.955,0.132,0.0459,69
0.158,0.744,140.19,0.112,-11.529,0.231,0.043,52
0.829,0.482,147.99,0.739,-5.576,0.00034,0.0437,66
0.441,0.72,96.01,0.309,-9.626,0.668,0.172,19
0.62,0.664,115.959,0.16,-11.875,0.0266,0.0417,13
0.555,0.641,170.93,0.153,-9.882,0.00732,0.507,5
0.751,0.669,103.976,0.833,-5.447,0.00483,0.0299,55
0.694,0.884,93.025,0.597,-3.241,0.156,0.0716,63
0.87,0.641,122.016,0.199,-7.175,0.000468,0.213,53
0.073,0.433,152.601,0.424,-29.13,0.994,0.0493,0
0.956,0.592,128.084,0.193,-2.068,0.105,0.044,61
0.525,0.611,113.946,0.299,-9.683,0.767,0.0354,44
0.153,0.731,78.072,0.324,-14.409,0.952,0.0562,64
0.818,0.851,119.006,0.808,-4.637,0.112,0.0789,0
0.72,0.682,116.988,0.649,-8.176,0.321,0.0382,75
0.633,0.541,133.888,0.613,-7.218,0.0884,0.0273,44
0.0303,0.465,119.913,0.0397,-22.357,0.954,0.0383,19
0.614,0.613,93.984,0.198,-7.235,0.0143,0.0439,65
0.773,0.554,115.331,0.431,-4.385,0.00181,0.0807,19
0.561,0.5,148.113,0.951,-8.109,0.55,0.0356,32
0.492,0.348,171.637,0.3,-4.844,0.171,0.0324,63
0.978,0.554,135.095,0.594,-3.554,0.111,0.131,77
0.794,0.557,91.366,0.432,-5.698,0.179,0.2,78
0.742,0.741,102.8,0.845,-7.557,0.497,0.0306,53
0.553,0.602,130.594,0.971,-9.336,0.108,0.0328,0
0.381,0.476,121.948,0.33,-10.238,0.727,0.0342,72
0.881,0.456,79.484,0.548,-9.689,0.825,0.939,21
0.724,0.489,117.292,0.15,-8.367,0.313,0.0352,76
0.47,0.723,97.107,0.783,-11.302,0.633,0.028,66
0.898,0.337,136.864,0.614,-8.282,0.000141,0.0369,31
0.795,0.542,92.234,0.431,-3.63,0.00506,0.0368,77
0.477,0.348,175.167,0.181,-9.567,0.785,0.188,58
0.955,0.288,108.423,0.0916,-4.424,4.65e-05,0.171,1
0.949,0.376,152.021,0.569,-4.767,0.0034,0.0839,37
0.857,0.83,137.982,0.607,-4.194,0.262,0.152,71
0.96,0.57,100.009,0.295,-7.181,0.00352,0.0416,6
0.985,0.456,143.006,0.183,-2.949,0.000235,0.207,68
0.689,0.78,115.042,0.642,-5.668,0.0368,0.141,93
0.486,0.513,148.372,0.562,-6.8,0.345,0.0784,0
0.928,0.641,117.981,0.839,-3.882,0.0345,0.0506,0
0.662,0.341,174.875,0.2,-5.023,0.105,0.0335,66
0.702,0.58,105.076,0.299,-5.565,0.0466,0.0337,76
0.405,0.757,124.014,0.0537,-13.709,0.528,0.117,65
0.71,0.438,145.928,0.53,-12.412,0.262,0.0919,73
0.509,0.7,87.999,0.633,-10.055,0.233,0.11,62
0.961,0.404,144.968,0.296,-6.053,6.73e-05,0.0652,21
0.381,0.476,121.948,0.33,-10.238,0.727,0.0342,72
0.621,0.828,128.986,0.436,-6.414,0.0164,0.0565,84
0.8,0.366,95.013,0.454,-4.658,0.0285,0.0818,46
0.723,0.924,126.998,0.643,-3.142,0.0177,0.0466,70
0.634,0.572,168.136,0.432,-10.599,0.00547,0.0617,64
0.606,0.655,110.061,0.765,-10.385,0.0603,0.0285,71
0.967,0.533,142.018,0.782,-2.543,0.00791,0.0995,72
0.405,0.721,133.895,0.757,-9.988,0.721,0.0403,22
0.767,0.835,89.972,0.786,-5.181,0.0716,0.0877,63
0.493,0.613,114.863,0.434,-5.437,0.421,0.0512,67
0.513,0.716,141.894,0.8,-10.159,0.085,0.223,71
0.608,0.552,112.367,0.637,-9.786,0.352,0.0345,78
0.336,0.671,75.051,0.518,-8.494,0.705,0.241,0
0.829,0.564,135.008,0.608,-4.504,0.0859,0.0397,49
0.431,0.785,127.085,0.236,-8.756,0.123,0.0364,79
0.661,0.748,90.003,0.743,-6.702,0.157,0.0334,68
0.302,0.587,112.46,0.19,-14.976,0.223,0.0293,68
0.719,0.515,75.024,0.445,-7.38,0.446,0.0545,60
0.727,0.503,121.985,0.521,-5.456,0.0159,0.167,76
0.921,0.404,110.589,0.849,-5.758,0.00809,0.0415,43
0.224,0.714,135.269,0.339,-15.596,0.189,0.0319,47
0.233,0.616,93.995,0.407,-12.894,0.791,0.0386,0
0.645,0.714,85.046,0.434,-5.493,0.229,0.0514,84
0.252,0.314,165.248,0.418,-18.399,0.587,0.0487,29
0.622,0.587,107.943,0.231,-5.535,0.0927,0.0303,71
0.529,0.734,128.022,0.58,-10.198,0.392,0.0346,61
0.285,0.413,115.896,0.683,-10.857,0.596,0.0404,20
0.809,0.519,111.986,0.284,-6.074,0.182,0.0646,60
0.933,0.45,154.18,0.525,-3.963,0.0115,0.128,38
0.713,0.6,72.999,0.471,-5.079,0.0642,0.0592,77
0.854,0.687,214.016,0.721,-5.368,0.0619,0.308,60
0.72,0.622,133.922,0.948,-6.578,0.0525,0.0255,0
0.329,0.471,126.107,0.144,-11.958,0.78,0.0312,61
0.993,0.521,116.977,0.404,-3.351,0.000176,0.151,29
0.971,0.485,92.499,0.531,-1.943,0.112,0.0613,20
0.804,0.724,124.987,0.306,-4.614,0.124,0.0448,80
0.581,0.506,149.78,0.216,-7.078,0.0508,0.0384,54
0.956,0.366,104.016,0.159,-3.725,0.000293,0.108,66
0.81,0.624,127.989,0.271,-8.307,0.00269,0.039,0
0.978,0.554,135.095,0.594,-3.554,0.111,0.131,77
0.948,0.553,134.996,0.0389,-9.628,0.00881,0.037,61
0.547,0.629,108.375,0.197,-13.123,0.72,0.055,90
0.579,0.544,109.769,0.294,-8.52,0.193,0.0712,70
0.492,0.35,75.039,0.232,-11.239,0.14,0.0379,50
0.367,0.769,103.621,0.535,-11.226,0.684,0.0312,76
0.703,0.589,119.918,0.498,-6.623,0.0126,0.0541,50
0.316,0.447,78.095,0.356,-10.902,0.718,0.0303,20
0.0659,0.405,120.961,0.219,-20.696,0.971,0.0599,34
0.842,0.638,169.901,0.145,-5.305,0.174,0.0524,74
0.451,0.384,77.999,0.24,-10.031,0.342,0.0291,45
0.953,0.673,135.033,0.701,-6.451,0.00346,0.0651,30
0.697,0.817,147.965,0.334,-5.897,0.074,0.211,63
0.609,0.639,108.493,0.378,-7.727,0.0715,0.0316,0
0.533,0.483,156.817,0.852,-12.519,0.403,0.0424,12
0.692,0.664,154.924,0.233,-4.128,0.237,0.127,73
0.815,0.466,112.448,0.866,-8.479,0.159,0.0355,25
0.889,0.381,82.415,0.408,-11.184,0.985,0.951,25
0.0501,0.727,109.988,0.218,-22.997,0.676,0.0543,51
0.691,0.707,102.973,0.668,-12.623,0.392,0.134,21
0.839,0.517,94.015,0.416,-3.521,0.0014,0.0287,74
0.977,0.243,108.578,0.279,-4.907,6.02e-05,0.113,27
0.526,0.461,120.011,0.0401,-10.668,0.00142,0.0506,59
0.46,0.638,88.032,0.286,-11.175,0.307,0.0479,64
0.976,0.441,130.411,0.248,-3.09,0.000335,0.147,5
0.556,0.247,168.823,0.371,-7.514,0.635,0.0376,61
0.0161,0.149,141.243,0.03,-34.556,0.906,0.0351,65
0.814,0.898,124.041,0.608,-5.218,0.000121,0.118,54
0.346,0.792,117.932,0.462,-11.424,0.74,0.25,71
0.852,0.487,157.934,0.191,-4.002,0.054,0.0596,43
0.349,0.635,100.033,0.424,-10.551,0.795,0.0716,24
0.635,0.663,89.975,0.756,-5.508,0.242,0.284,26
0.901,0.492,143.014,0.104,-7.03,0.00139,0.045,61
0.71,0.647,110.059,0.268,-4.692,0.000973,0.029,61
0.495,0.74,119.881,0.45,-5.715,0.767,0.042,46
0.202,0.39,145.953,0.257,-21.285,0.88,0.0657,46
2.03e-05,0.0,0.0,0.0,-25.693,0.754,0.0,33
0.65,0.502,159.78,0.392,-4.27,0.366,0.0531,67
0.189,0.212,139.519,0.0361,-16.849,0.933,0.0484,21
0.948,0.651,126.449,0.462,-3.147,0.0941,0.112,0
0.623,0.672,92.018,0.617,-5.699,0.241,0.0297,71
0.262,0.279,78.995,0.147,-12.962,0.872,0.0472,0
0.636,0.338,121.876,0.113,-10.945,0.278,0.0465,35
0.497,0.734,127.989,0.307,-9.666,0.67,0.166,68
0.688,0.769,130.026,0.387,-4.378,0.00215,0.0501,70
0.411,0.841,102.362,0.346,-13.119,0.0478,0.18,20
0.915,0.735,124.007,0.615,-5.082,0.0456,0.0475,61
0.482,0.528,125.932,0.34,-9.032,0.674,0.0307,23
0.369,0.487,183.114,0.106,-13.424,0.736,0.0406,71
0.518,0.867,92.25,0.688,-7.377,0.118,0.0677,25
0.539,0.817,97.062,0.158,-6.349,0.0141,0.0621,79
0.657,0.753,107.01,0.437,-3.061,0.171,0.0449,80
0.511,0.528,100.1,0.351,-8.144,0.126,0.0324,75
0.626,0.41,78.895,0.594,-13.01,0.0055,0.0316,44
0.851,0.503,95.664,0.788,-8.064,0.593,0.0328,24
0.684,0.804,127.02,0.567,-11.803,0.00281,0.0439,10
0.721,0.86,122.002,0.359,-5.004,0.0205,0.0376,61
0.206,0.0783,80.341,0.0807,-20.611,0.864,0.0337,67
0.641,0.556,133.171,0.785,-11.276,0.458,0.0384,23
0.404,0.508,81.713,0.129,-11.092,0.664,0.0788,68
0.916,0.783,95.321,0.695,-3.344,0.11,0.415,67
0.254,0.445,131.252,0.706,-15.018,0.735,0.0315,12
0.573,0.561,81.979,0.243,-10.104,0.606,0.0488,58
0.482,0.863,140.021,0.618,-9.132,0.621,0.439,75
0.62,0.727,105.003,0.555,-6.443,0.398,0.306,76
0.511,0.59,124.204,0.243,-11.243,0.0247,0.0292,37
0.503,0.509,163.094,0.31,-9.944,0.069,0.025,44
0.998,0.43,113.837,0.363,-2.387,0.29,0.392,38
0.892,0.655,97.01,0.486,-5.792,0.0202,0.0771,46
0.75,0.736,91.002,0.631,-5.616,0.0851,0.0281,56
0.793,0.584,108.454,0.731,-9.675,0.513,0.294,19
0.741,0.72,119.896,0.357,-6.529,0.101,0.0287,78
0.955,0.493,154.957,0.628,-4.704,0.000184,0.0752,29
0.267,0.151,144.816,0.0371,-17.567,0.241,0.0453,0
0.148,0.389,142.611,0.4,-11.011,0.897,0.03,61
0.364,0.848,137.541,0.569,-10.058,0.697,0.0637,68
0.803,0.763,103.04,0.561,-3.713,0.0709,0.0351,77
0.868,0.512,149.892,0.406,-5.274,0.000194,0.04,21
0.979,0.475,98.924,0.202,-3.954,0.0208,0.129,34
0.324,0.643,147.019,0.444,-7.817,0.8,0.0338,69
0.897,0.635,109.98,0.345,-4.619,0.0401,0.0416,46
0.83,0.654,124.989,0.548,-4.801,0.000629,0.0366,66
0.828,0.664,103.985,0.82,-6.053,0.00839,0.0404,72
0.484,0.934,139.905,0.666,-11.67,0.0707,0.148,47
0.448,0.509,156.909,0.221,-7.552,0.00713,0.0357,76
0.862,0.276,182.115,0.526,-5.352,0.00147,0.255,64
0.936,0.322,126.061,0.175,-5.431,0.00152,0.095,27
0.831,0.723,127.996,0.287,-7.059,0.0052,0.0422,12
0.961,0.514,172.005,0.202,-1.675,0.00232,0.0763,41
0.4,0.464,85.298,0.527,-11.166,0.17,0.036,29
0.647,0.45,139.933,0.122,-9.067,0.26,0.0835,56
0.768,0.608,132.699,0.748,-9.911,0.101,0.0364,70
0.742,0.587,145.007,0.199,-6.64,0.0128,0.0529,0
0.841,0.615,126.026,0.316,-5.352,0.0178,0.0416,63
0.405,0.501,109.891,0.446,-5.679,0.751,0.0319,87
0.269,0.62,85.014,0.159,-19.153,0.0749,0.0957,49
0.746,0.381,141.518,0.263,-6.598,0.000172,0.0407,30
0.405,0.323,145.104,0.274,-8.533,0.849,0.0413,73
0.681,0.835,106.054,0.195,-7.07,0.139,0.0727,42
0.974,0.291,134.724,0.348,-2.997,0.0177,0.171,77
0.694,0.748,115.044,0.197,-7.616,0.0616,0.0861,66
0.792,0.774,122.062,0.507,-4.021,0.051,0.0523,81
0.82,0.437,169.681,0.575,-4.217,0.0453,0.252,29
0.483,0.512,160.009,0.367,-7.798,0.00304,0.0298,76
0.759,0.263,179.904,0.429,-7.288,0.0555,0.0431,69
0.604,0.559,123.841,0.253,-9.58,0.0302,0.0352,41
0.805,0.379,157.094,0.722,-6.233,0.352,0.0993,54
0.686,0.45,78.973,0.208,-4.111,0.126,0.0361,61
0.955,0.707,125.989,0.575,-4.593,0.127,0.222,79
0.642,0.653,119.939,0.624,-8.479,0.374,0.0291,41
0.186,0.31,124.875,0.124,-26.223,0.851,0.0556,25
0.648,0.74,122.03,0.4,-5.171,0.659,0.0374,62
0.63,0.316,89.643,0.313,-5.963,0.471,0.117,80
0.23,0.476,100.902,0.556,-12.438,0.924,0.0345,32
0.368,0.831,112.882,0.696,-10.158,0.956,0.0353,49
0.0584,0.168,68.544,0.0377,-32.192,0.944,0.0464,0
0.147,0.407,141.284,0.0765,-8.822,0.857,0.0355,70
0.894,0.525,173.975,0.147,-5.013,0.025,0.0863,18
0.202,0.618,115.845,0.501,-12.405,0.851,0.0303,13
0.907,0.658,86.776,0.42,-4.429,0.285,0.3,33
0.777,0.335,109.04,0.0611,-5.599,0.00317,0.0431,41
0.281,0.491,71.538,0.569,-13.552,0.989,0.0277,9
0.917,0.0679,184.386,0.194,-6.398,1.51e-06,0.0686,16
0.45,0.646,90.01,0.413,-6.628,0.573,0.0482,60
0.735,0.68,133.289,0.881,-7.939,0.0597,0.0277,45
0.487,0.559,149.959,0.145,-9.349,0.0333,0.0266,0
0.541,0.86,114.984,0.952,-6.51,0.165,0.0325,63
0.455,0.41,90.993,0.361,-8.071,0.731,0.0316,65
0.624,0.693,105.002,0.369,-7.482,0.299,0.0448,71
0.112,0.372,81.665,0.268,-15.369,0.995,0.0514,0
0.58,0.731,119.997,0.319,-7.328,0.223,0.0399,72
0.94,0.532,174.106,0.624,-3.473,0.0107,0.144,42
0.872,0.511,72.205,0.467,-13.197,0.883,0.938,26
0.268,0.643,143.813,0.62,-15.073,0.593,0.09,62
0.483,0.88,124.009,0.827,-7.012,0.0185,0.0505,74
0.0161,0.169,128.143,0.0573,-31.034,0.986,0.0442,70
0.942,0.467,173.984,0.235,-3.122,2.47e-05,0.0401,49
0.674,0.706,83.001,0.359,-5.932,0.3,0.044,73
0.519,0.653,98.883,0.822,-10.164,0.406,0.0497,78
0.743,0.64,122.035,0.361,-4.08,0.269,0.0379,80
0.852,0.495,127.962,0.466,-5.487,0.000121,0.0451,31
0.458,0.553,78.005,0.258,-7.535,0.597,0.0251,23
0.919,0.465,135.997,0.537,-4.025,1.83e-05,0.0408,77
0.0615,0.307,86.339,0.0972,-28.05,0.994,0.0318,22
0.732,0.598,172.329,0.595,-7.013,0.144,0.425,71
0.449,0.528,94.058,0.317,-6.25,0.785,0.025,71
0.247,0.684,106.522,0.768,-13.71,0.872,0.0281,69
0.068,0.475,116.881,0.252,-31.32,0.942,0.0345,48
0.68,0.614,149.959,0.707,-4.58,0.369,0.0289,81
0.875,0.59,96.915,0.737,-5.294,0.45,0.171,65
0.622,0.74,104.966,0.556,-4.608,0.0357,0.0446,66
0.677,0.934,111.036,0.608,-6.337,0.234,0.246,60
0.415,0.67,118.047,0.691,-14.336,0.252,0.0397,25
0.309,0.469,204.931,0.347,-10.688,0.818,0.0319,22
0.526,0.613,154.082,0.108,-9.243,0.669,0.031,65
0.504,0.401,76.064,0.229,-5.823,0.863,0.0271,40
0.579,0.662,87.032,0.64,-4.2,0.0483,0.0377,40
0.769,0.724,176.249,0.935,-4.024,0.182,0.0533,31
0.715,0.723,90.014,0.773,-4.999,0.065,0.093,45
0.389,0.432,128.119,0.138,-8.266,0.87,0.0307,57
0.46,0.555,67.027,0.146,-7.032,0.497,0.0277,68
0.732,0.542,124.912,0.489,-5.956,0.00209,0.0521,73
0.995,0.143,87.803,0.079,-5.698,0.000146,0.185,58
0.887,0.532,122.511,0.795,-3.757,0.0778,0.0335,85
0.704,0.81,119.991,0.42,-8.739,0.211,0.205,70
0.931,0.741,125.011,0.517,-3.447,0.0225,0.0563,70
0.549,0.479,180.985,0.576,-10.551,0.57,0.373,75
0.505,0.753,149.015,0.36,-7.569,0.105,0.0641,0
0.474,0.412,90.541,0.471,-4.69,0.848,0.0732,19
0.895,0.58,82.509,0.503,-4.805,0.000188,0.0454,37
0.774,0.912,119.966,0.632,-4.673,0.121,0.0455,87
0.764,0.661,114.949,0.637,-6.572,0.0613,0.0357,39
0.423,0.626,95.162,0.571,-6.035,0.128,0.0513,77
0.972,0.689,126.001,0.608,-3.567,0.0423,0.0467,55
0.656,0.695,90.986,0.346,-6.038,0.057,0.0489,70
0.942,0.783,132.028,0.908,-4.371,0.176,0.0815,66
0.914,0.373,168.21,0.56,-4.185,0.076,0.0565,61
0.313,0.565,140.67,0.152,-17.151,0.947,0.366,0
0.395,0.48,84.692,0.464,-11.017,0.317,0.093,57
0.835,0.572,129.981,0.795,-6.219,0.171,0.0317,78
0.984,0.493,103.963,0.192,-4.222,4.42e-05,0.0672,50
0.618,0.441,98.031,0.454,-8.511,0.295,0.0386,68
0.488,0.752,136.041,0.533,-7.05,0.297,0.0705,78
0.801,0.847,109.965,0.709,-4.073,0.278,0.105,49
0.573,0.865,94.999,0.563,-5.501,0.0863,0.0678,84
0.553,0.602,130.594,0.971,-9.336,0.108,0.0328,0
0.514,0.647,79.975,0.386,-10.05,0.0655,0.0593,89
0.978,0.364,102.045,0.078,-4.131,0.000602,0.118,46
0.0845,0.471,84.608,0.149,-20.204,0.956,0.0305,0
0.747,0.55,79.979,0.649,-5.211,0.0668,0.0407,71
0.649,0.688,99.977,0.568,-7.406,0.351,0.0856,56
0.562,0.473,74.653,0.316,-8.624,0.65,0.0451,70
0.954,0.447,123.453,0.331,-8.069,0.0235,0.0751,80
0.624,0.534,121.402,0.687,-9.589,0.00797,0.0462,63
0.208,0.742,81.989,0.341,-9.677,0.571,0.239,35
0.97,0.446,94.233,0.595,-5.004,0.00754,0.0508,66
0.803,0.769,109.999,0.559,-4.84,0.0213,0.0466,50
0.661,0.475,110.572,0.567,-8.63,0.871,0.222,16
0.908,0.523,121.0,0.328,-5.009,0.00179,0.0799,62
0.448,0.659,70.046,0.525,-9.961,0.268,0.117,37
0.887,0.225,165.213,0.197,-4.068,0.000289,0.0947,20
0.529,0.66,133.64,0.802,-9.178,0.543,0.0289,25
0.92,0.553,180.057,0.174,-2.143,0.00287,0.139,11
0.907,0.538,134.014,0.345,-6.877,0.0567,0.0515,52
0.953,0.481,146.351,0.764,-3.449,0.833,0.207,26
0.527,0.547,116.678,0.926,-12.725,0.896,0.0388,21
0.603,0.507,129.959,0.208,-4.941,0.23,0.0282,26
0.738,0.721,119.976,0.637,-4.77,0.00226,0.0403,85
0.741,0.552,69.709,0.718,-5.419,0.284,0.0542,69
0.83,0.654,118.031,0.938,-12.099,0.0864,0.0513,51
0.837,0.8,100.015,0.702,-2.807,0.00406,0.0491,77
0.326,0.509,86.829,0.229,-9.59,0.0618,0.0254,1
0.892,0.942,100.007,0.595,-6.363,0.023,0.196,61
0.953,0.598,142.97,0.312,-4.487,0.00148,0.193,31
0.677,0.508,121.928,0.575,-5.696,0.328,0.0656,62
0.411,0.188,187.376,0.159,-9.733,0.174,0.0484,82
0.979,0.313,78.327,0.0445,-8.526,0.0368,0.622,13
0.784,0.573,82.009,0.69,-5.224,0.141,0.0591,64
0.564,0.693,185.913,0.574,-3.857,0.399,0.0378,68
0.179,0.624,117.572,0.238,-13.273,0.896,0.0373,59
0.308,0.793,135.143,0.46,-10.414,0.613,0.0466,0
0.843,0.736,171.183,0.907,-2.383,0.486,0.0427,0
0.556,0.586,167.018,0.517,-7.639,0.00655,0.0592,0
0.324,0.685,119.836,0.301,-11.848,0.642,0.0352,66
0.952,0.635,95.092,0.538,-3.405,0.289,0.0805,30
0.487,0.614,119.65,0.258,-7.362,0.656,0.028,41
0.485,0.543,136.961,0.371,-6.85,0.558,0.0305,75
0.114,0.694,100.036,0.445,-14.401,0.508,0.141,48
0.526,0.727,105.086,0.681,-6.307,0.693,0.0378,66
0.505,0.489,163.255,0.337,-8.022,0.579,0.117,78
0.691,0.448,88.836,0.633,-6.957,0.286,0.0286,64
0.443,0.569,75.038,0.15,-8.402,0.461,0.0327,1
0.573,0.731,109.928,0.145,-10.059,0.401,0.0544,83
0.544,0.618,91.999,0.322,-6.336,0.557,0.0475,48
0.667,0.324,142.503,0.29,-5.373,0.00562,0.0321,65
0.931,0.741,125.011,0.517,-3.447,0.0225,0.0563,70
0.182,0.481,100.542,0.125,-24.37,0.995,0.0638,49
1.0,0.437,94.099,0.0184,-6.865,0.88,0.0857,41
0.993,0.276,199.457,0.0964,-3.702,0.00256,0.279,0
0.844,0.588,177.957,0.693,-5.616,0.237,0.414,28
0.832,0.769,84.981,0.34,-5.038,0.111,0.182,60
0.41,0.56,144.727,0.28,-9.227,0.544,0.0276,73
0.543,0.687,148.009,0.318,-10.114,0.505,0.281,40
0.564,0.564,172.025,0.714,-6.752,0.126,0.0792,61
0.761,0.573,107.691,0.192,-11.995,0.785,0.953,22
0.339,0.746,119.924,0.291,-9.041,0.482,0.144,70
0.468,0.596,124.139,0.584,-11.694,0.208,0.0292,46
0.916,0.138,178.542,0.278,-6.32,4.68e-05,0.104,24
0.992,0.511,129.921,0.35,-3.359,0.000328,0.163,55
0.413,0.669,108.118,0.132,-10.021,0.824,0.0681,34
0.0911,0.363,77.37,0.228,-22.805,0.969,0.0389,0
0.977,0.541,165.1,0.952,-3.945,0.000166,0.0606,30
0.557,0.712,170.079,0.594,-4.861,0.0397,0.115,85
0.507,0.6,85.166,0.609,-8.982,0.664,0.0408,32
0.814,0.311,160.303,0.731,-9.272,6.74e-05,0.0545,62
0.531,0.79,104.512,0.627,-8.065,0.193,0.147,64
0.49,0.55,74.656,0.609,-10.732,0.368,0.0572,65
0.552,0.402,145.164,0.668,-10.158,0.028,0.0258,62
0.661,0.662,80.009,0.222,-5.689,0.417,0.0514,72
0.484,0.719,79.995,0.438,-7.898,0.751,0.0944,60
0.684,0.65,186.082,0.929,-4.016,0.28,0.0459,37
0.548,0.67,124.996,0.438,-11.342,0.000724,0.0571,44
0.0896,0.201,126.098,0.0294,-23.952,0.746,0.038,20
0.961,0.362,164.019,0.491,-5.664,0.024,0.0857,72
0.589,0.824,88.027,0.565,-4.961,0.257,0.39,67
0.652,0.726,163.879,0.803,-7.764,0.00451,0.11,70
0.759,0.536,159.99,0.743,-9.521,0.000844,0.0441,62
0.177,0.57,96.075,0.515,-18.339,0.963,0.0488,6
0.925,0.637,128.027,0.92,-4.016,0.0536,0.0672,34
0.666,0.674,115.868,0.734,-9.749,0.392,0.0381,0
0.0167,0.509,207.97,0.229,-24.639,0.979,0.115,80
0.805,0.591,136.629,0.283,-5.235,0.64,0.271,54
0.775,0.446,86.979,0.0361,-4.923,0.014,0.0327,51
0.939,0.73,121.001,0.939,-4.665,0.0347,0.0532,0
0.71,0.678,99.136,0.897,-6.068,0.0262,0.039,17
0.661,0.514,80.605,0.483,-5.485,0.45,0.246,46
0.739,0.486,140.042,0.0297,-4.694,0.0175,0.0354,41
0.466,0.365,95.163,0.487,-7.514,0.161,0.0418,65
0.848,0.79,127.034,0.641,-7.798,0.364,0.0508,60
0.842,0.759,105.059,0.584,-3.758,0.101,0.096,77
0.483,0.477,170.026,0.123,-9.413,0.0027,0.0364,75
0.00242,0.15,133.776,0.0,-35.559,0.703,0.395,33
0.21,0.348,76.13,0.218,-11.837,0.018,0.033,26
0.659,0.553,120.146,0.105,-7.295,0.0027,0.0391,3
0.745,0.637,100.384,0.859,-8.607,0.0173,0.0748,0
0.899,0.55,125.85,0.408,-3.284,0.0113,0.0458,58
0.831,0.528,131.094,0.632,-3.607,9.43e-05,0.0429,68
0.847,0.799,115.016,0.529,-7.808,0.254,0.0956,0
0.423,0.432,73.859,0.57,-7.682,0.658,0.036,25
0.166,0.408,104.8,0.39,-15.823,0.941,0.0562,0
0.949,0.694,150.033,0.389,-3.807,0.00252,0.0868,43
0.873,0.364,125.186,0.673,-11.793,8.23e-05,0.135,32
0.944,0.567,126.505,0.272,-5.36,0.82,0.892,22
0.232,0.632,119.136,0.673,-12.326,0.428,0.0318,67
0.901,0.61,127.045,0.943,-3.961,0.0342,0.0394,24
0.878,0.728,126.59,0.911,-6.926,0.176,0.0564,71
0.103,0.625,115.732,0.668,-13.387,0.921,0.0435,58
0.888,0.746,124.954,0.296,-6.15,0.0401,0.0726,70
0.938,0.532,157.032,0.802,-2.713,0.031,0.0636,50
0.994,0.371,170.392,0.306,-2.193,7.79e-05,0.257,24
0.63,0.654,89.991,0.43,-4.644,0.153,0.0259,78
0.854,0.462,110.017,0.058,-10.331,0.000502,0.034,42
0.324,0.292,176.631,0.384,-11.996,0.797,0.0346,73
0.828,0.694,126.002,0.407,-4.653,0.0399,0.0336,69
0.806,0.404,148.036,0.112,-4.75,0.198,0.0496,63
0.533,0.64,99.968,0.515,-6.596,0.119,0.0706,77
0.96,0.438,144.98,0.254,-3.482,9.53e-05,0.0756,0
0.957,0.64,134.992,0.692,-2.336,0.0431,0.0741,77
0.987,0.435,103.16,0.101,-4.667,0.000195,0.16,68
0.886,0.862,124.031,0.896,-5.423,0.184,0.123,71
0.863,0.567,106.03,0.722,-5.158,0.00462,0.037,60
0.764,0.446,172.094,0.543,-5.042,0.00135,0.033,80
0.722,0.534,75.007,0.224,-4.944,0.0367,0.0339,0
0.492,0.348,171.637,0.3,-4.844,0.171,0.0324,63
0.688,0.659,153.979,0.632,-4.649,0.207,0.0673,83
0.739,0.544,118.287,0.328,-7.383,0.00392,0.0517,61
0.644,0.358,152.085,0.436,-8.027,0.154,0.0811,48
0.635,0.868,90.019,0.621,-6.352,0.164,0.227,67
0.601,0.819,127.989,0.482,-6.793,0.347,0.0389,46
0.793,0.557,127.944,0.0869,-6.723,0.000513,0.036,1
0.454,0.63,135.037,0.204,-8.639,0.214,0.0333,51
0.389,0.844,111.058,0.524,-9.524,0.529,0.261,36
0.463,0.46,79.719,0.17,-6.798,0.645,0.0769,63
0.892,0.553,77.01,0.479,-4.039,0.0639,0.0667,45
0.956,0.65,104.018,0.673,-4.113,0.0153,0.0564,0
0.517,0.832,118.009,0.595,-8.355,0.0227,0.0635,28
0.935,0.52,117.515,0.0729,-6.341,1.54e-05,0.0748,22
0.695,0.512,145.957,0.351,-6.349,0.0265,0.0271,67
0.794,0.738,104.014,0.566,-4.118,0.101,0.0416,74
0.998,0.0,0.0,0.0,-25.885,0.132,0.0,34
0.756,0.58,125.955,0.865,-7.289,0.0366,0.0278,30
0.485,0.708,139.99,0.281,-5.552,0.21,0.0699,62
0.639,0.587,94.927,0.258,-6.883,0.0924,0.0769,65
0.693,0.491,90.027,0.412,-6.487,0.211,0.0377,85
0.0082,0.12,77.165,0.0615,-34.09,0.973,0.0396,62
0.912,0.541,120.05,0.139,-5.491,9.26e-05,0.0455,55
0.526,0.512,85.024,0.249,-5.44,0.0724,0.0251,49
0.791,0.721,120.009,0.401,-4.98,0.000769,0.0317,0
0.675,0.549,119.898,0.206,-5.637,0.399,0.0332,72
0.318,0.56,80.238,0.684,-11.106,0.857,0.0317,61
0.279,0.675,92.895,0.72,-17.718,0.96,0.0846,28
0.941,0.577,101.921,0.292,-5.17,0.00207,0.105,83
0.506,0.677,145.843,0.497,-6.652,0.345,0.0964,0
0.452,0.752,99.684,0.833,-11.399,0.133,0.35,66
0.833,0.574,86.008,0.574,-6.239,0.0611,0.0563,67
0.838,0.497,176.025,0.82,-2.703,0.000815,0.0463,58
0.618,0.441,98.031,0.454,-8.511,0.295,0.0386,68
0.872,0.561,149.936,0.26,-5.811,0.214,0.0418,57
0.95,0.789,126.013,0.746,-3.604,0.191,0.0759,66
0.641,0.682,141.003,0.824,-8.904,0.564,0.0384,0
0.688,0.645,139.957,0.433,-4.749,0.0107,0.0341,61
0.708,0.664,103.07,0.742,-4.154,0.0337,0.0474,77
0.659,0.845,125.965,0.547,-6.348,0.159,0.0373,69
0.717,0.618,190.05,0.603,-5.738,0.00256,0.318,74
0.0111,0.215,68.243,0.0371,-32.041,0.995,0.039,64
0.178,0.174,167.972,0.0347,-18.717,0.994,0.0362,59
0.818,0.724,77.004,0.696,-3.747,0.0201,0.168,84
0.56,0.709,170.082,0.541,-4.867,0.034,0.171,80
0.67,0.786,121.058,0.526,-4.907,0.0327,0.132,45
0.776,0.593,81.992,0.634,-4.343,0.216,0.0325,63
0.934,0.652,85.845,0.971,-3.89,0.629,0.0497,32
0.91,0.616,144.072,0.693,-3.004,0.0459,0.0386,70
0.986,0.764,127.974,0.384,-2.677,0.165,0.165,28
0.933,0.481,140.061,0.502,-5.447,0.00505,0.0445,50
0.777,0.262,152.5,0.264,-8.671,0.0109,0.0632,72
0.624,0.586,68.976,0.267,-5.946,0.0153,0.113,71
0.394,0.63,168.069,0.584,-10.051,0.379,0.0821,45
0.535,0.629,102.512,0.663,-11.576,0.589,0.0356,28
0.459,0.918,113.818,0.962,-6.962,0.079,0.0427,64
0.825,0.588,122.146,0.482,-6.301,0.881,0.892,23
0.665,0.522,83.077,0.395,-7.694,0.632,0.43,44
0.392,0.331,92.27,0.195,-10.05,0.924,0.031,29
0.59,0.441,84.633,0.411,-5.615,0.242,0.0514,65
0.992,0.586,138.059,0.375,-3.507,0.0128,0.134,3
0.362,0.553,142.352,0.158,-11.218,0.0458,0.0263,80
0.468,0.241,91.581,0.451,-9.579,0.534,0.0272,70
0.575,0.632,90.037,0.188,-6.478,0.0225,0.029,72
0.995,0.32,175.96,0.0362,-4.38,4.92e-06,0.222,15
0.67,0.783,105.997,0.965,-5.902,0.0167,0.0306,33
0.734,0.711,172.874,0.938,-6.161,0.562,0.0457,27
0.581,0.555,62.402,0.544,-9.111,0.292,0.488,28
0.487,0.662,120.057,0.391,-9.248,0.694,0.028,0
0.457,0.484,87.159,0.187,-13.976,0.406,0.0456,60
0.691,0.741,150.087,0.892,-7.395,0.0221,0.0672,81
0.267,0.791,165.99,0.544,-11.997,0.674,0.0415,79
0.931,0.451,122.961,0.172,-3.871,0.00076,0.0719,78
0.966,0.429,179.956,0.525,-4.605,0.000209,0.0733,69
0.988,0.39,147.158,0.199,-1.877,0.0011,0.145,29
0.817,0.904,101.988,0.753,-3.956,0.0254,0.0871,0
0.885,0.551,141.605,0.831,-8.816,0.00987,0.0539,42
0.76,0.685,160.035,0.781,-7.813,0.0199,0.0512,75
0.955,0.308,174.991,0.237,-3.763,2.39e-05,0.111,64
0.64,0.245,135.739,0.105,-7.426,0.131,0.0608,78
0.894,0.592,100.026,0.642,-4.71,0.00358,0.042,66
0.917,0.556,116.83,0.784,-6.197,0.021,0.0477,36
0.8,0.623,110.979,0.58,-5.819,0.0497,0.0424,66
0.672,0.494,156.208,0.557,-4.877,0.0273,0.0405,70
0.525,0.761,80.87,0.531,-6.9,0.44,0.0944,83
0.708,0.603,105.046,0.611,-7.047,0.000173,0.0379,61
0.314,0.6,126.948,0.201,-9.109,0.791,0.0351,56
0.397,0.615,169.0,0.916,-17.526,0.301,0.0859,16
0.619,0.729,123.061,0.623,-6.155,0.0451,0.0346,0
0.267,0.791,165.99,0.544,-11.997,0.674,0.0415,79
0.906,0.765,96.071,0.95,-2.097,0.125,0.0965,66
0.255,0.46,111.11,0.435,-11.934,0.81,0.0385,23
0.778,0.617,100.363,0.152,-8.872,0.459,0.027,73
0.527,0.742,84.974,0.638,-6.892,0.327,0.0769,78
0.034,0.654,118.04,0.199,-26.483,0.99,0.0398,40
0.815,0.848,120.445,0.967,-7.679,0.276,0.0304,33
0.845,0.618,171.921,0.486,0.175,0.114,0.132,67
0.867,0.742,129.987,0.757,-7.697,0.134,0.0361,60
0.658,0.619,90.0,0.37,-5.217,0.248,0.0287,60
0.544,0.823,149.903,0.664,-7.132,0.0215,0.0715,75
0.515,0.556,97.143,0.527,-13.122,0.0758,0.0268,44
0.729,0.562,192.168,0.831,-5.503,0.239,0.0926,67
0.875,0.661,158.087,0.981,-5.86,0.193,0.041,32
0.891,0.95,133.01,0.912,-2.653,0.0645,0.241,92
0.495,0.563,125.998,0.244,-10.272,0.781,0.0362,72
0.165,0.625,94.744,0.419,-14.581,0.835,0.0354,68
0.732,0.469,139.881,0.441,-4.686,0.356,0.0362,37
0.903,0.422,84.193,0.649,-3.443,0.302,0.0413,37
0.727,0.791,139.974,0.719,-6.154,0.181,0.196,41
0.646,0.715,130.563,0.758,-14.831,0.0393,0.0509,5
0.29,0.421,111.813,0.378,-13.717,0.569,0.0325,31
0.635,0.64,100.034,0.475,-7.565,0.271,0.226,75
0.0837,0.421,66.075,0.125,-25.476,0.993,0.0386,5
0.821,0.455,118.018,0.379,-6.373,0.000918,0.0464,26
0.34,0.422,77.213,0.223,-6.577,0.877,0.0351,77
0.855,0.734,121.955,0.54,-4.578,0.0821,0.135,75
0.707,0.565,127.222,0.831,-5.65,0.0101,0.0298,0
0.737,0.723,123.039,0.689,-7.566,0.00435,0.0386,80
0.63,0.71,125.0,0.216,-7.003,0.00879,0.0413,70
0.66,0.557,95.252,0.962,-7.706,0.654,0.056,66
0.965,0.56,162.825,0.964,-2.341,0.121,0.0409,69
0.561,0.384,136.136,0.159,-10.059,0.373,0.0296,71
0.82,0.429,136.041,0.697,-2.896,0.0141,0.0518,41
0.89,0.463,103.511,0.777,-8.318,0.00109,0.0533,30
0.945,0.699,132.023,0.82,-3.538,0.228,0.0578,0
0.491,0.548,82.071,0.417,-5.761,0.596,0.0236,46
0.419,0.799,156.055,0.716,-7.99,0.412,0.174,67
0.941,0.345,179.626,0.407,-9.918,3.84e-05,0.0466,1
0.278,0.526,150.16,0.649,-14.456,0.873,0.0392,53
0.758,0.447,100.888,0.827,-8.234,0.799,0.0625,55
0.889,0.667,169.961,0.541,-4.851,0.00912,0.0917,67
0.828,0.35,105.435,0.147,-5.373,0.000217,0.041,77
0.965,0.532,107.974,0.142,-4.376,0.025,0.0874,24
0.396,0.641,173.221,0.915,-13.058,0.941,0.0572,20
0.00506,0.0747,78.588,0.153,-34.786,0.994,0.0426,61
0.009,0.263,68.083,0.156,-35.193,0.995,0.0515,61
0.852,0.464,160.075,0.233,-3.804,0.0116,0.067,66
0.427,0.379,185.952,0.459,-9.284,0.646,0.048,49
0.633,0.706,110.005,0.375,-9.584,0.267,0.0419,76
0.373,0.543,138.376,0.852,-12.219,0.701,0.0449,32
0.48,0.472,123.023,0.126,-11.893,0.000204,0.0308,62
0.54,0.759,116.947,0.75,-6.039,0.037,0.0287,81
0.0187,0.526,134.248,0.528,-17.118,0.992,0.15,36
0.856,0.689,126.108,0.706,-3.394,0.0493,0.0813,3
0.806,0.798,138.082,0.82,-5.841,0.145,0.355,84
0.642,0.697,105.138,0.948,-6.205,0.0498,0.0617,65
0.932,0.218,167.718,0.315,-6.803,0.0155,0.098,0
0.582,0.503,77.321,0.326,-4.324,0.472,0.0253,0
0.923,0.602,136.01,0.765,-3.763,0.0098,0.044,80
0.653,0.651,164.912,0.729,-9.731,0.365,0.0545,65
0.823,0.622,123.959,0.675,-7.471,0.0303,0.0513,9
0.387,0.719,135.064,0.17,-9.38,0.891,0.0643,55
0.0437,0.363,102.193,0.254,-31.559,0.993,0.0353,56
0.843,0.562,99.251,0.614,-6.49,0.207,0.164,44
0.324,0.51,81.354,0.47,-14.062,0.805,0.276,39
0.85,0.648,115.95,0.545,-4.48,0.788,0.0467,48
0.957,0.459,174.707,0.612,-3.882,0.103,0.11,34
0.641,0.256,203.006,0.382,-10.283,0.199,0.0552,79
0.808,0.548,95.207,0.475,-5.484,7.19e-05,0.0398,1
0.546,0.663,103.135,0.391,-8.69,0.74,0.045,44
0.762,0.684,172.015,0.905,-5.147,0.419,0.0564,0
0.839,0.572,143.969,0.465,-5.083,0.013,0.0377,90
0.601,0.572,142.258,0.552,-6.879,0.0123,0.0392,62
0.609,0.677,113.206,0.661,-5.567,0.67,0.0562,45
0.364,0.557,101.985,0.293,-12.141,0.794,0.0294,62
0.305,0.304,146.066,0.464,-10.879,0.871,0.0298,71
0.337,0.649,92.047,0.187,-18.103,0.508,0.0695,55
0.657,0.606,94.98,0.814,-5.426,0.35,0.0273,25
0.955,0.203,170.0,0.267,-6.524,4.22e-06,0.149,12
0.672,0.59,206.247,0.688,-11.792,0.125,0.412,71
0.345,0.343,180.033,0.0381,-16.941,0.902,0.137,12
0.944,0.29,144.198,0.573,-6.15,7.46e-05,0.0952,32
0.202,0.367,121.865,0.0362,-11.342,0.668,0.0313,72
0.838,0.44,138.908,0.619,-6.196,0.0956,0.0423,0
0.9,0.599,147.791,0.819,-2.693,0.284,0.071,40
0.579,0.546,96.029,0.255,-9.834,0.38,0.0277,0
0.394,0.746,123.001,0.069,-18.059,0.504,0.0718,46
0.529,0.52,172.11,0.144,-14.395,0.463,0.128,50
0.734,0.717,91.014,0.894,-5.712,0.28,0.0426,65
0.0274,0.571,124.209,0.087,-20.274,0.948,0.0649,71
0.505,0.571,99.562,0.276,-9.312,0.0757,0.0238,63
0.85,0.47,149.876,0.148,-2.825,0.0627,0.0363,67
0.636,0.671,120.966,0.262,-8.117,0.515,0.103,88
0.658,0.555,184.835,0.937,-3.866,0.793,0.0541,65
0.945,0.437,179.832,0.22,-5.163,0.00015,0.0741,56
0.778,0.665,119.971,0.852,-4.42,0.149,0.0494,0
0.844,0.308,159.911,0.175,-4.235,0.0519,0.0638,50
0.659,0.553,120.146,0.105,-7.295,0.0027,0.0391,83
0.56,0.813,118.033,0.287,-5.904,0.108,0.0618,83
0.613,0.667,91.024,0.472,-5.353,0.4,0.0345,0
0.797,0.57,66.617,0.492,-3.627,0.24,0.279,22
0.979,0.607,145.0,0.659,-5.587,0.00204,0.134,29
0.675,0.903,96.507,0.442,-3.445,0.542,0.214,78
0.89,0.314,170.519,0.37,-2.441,0.0814,0.245,32
0.838,0.468,115.812,0.259,-5.756,9.42e-05,0.0433,66
0.37,0.392,48.718,0.512,-10.888,0.205,0.0298,81
0.655,0.578,101.889,0.898,-7.935,0.121,0.0277,64
0.703,0.694,123.034,0.172,-4.327,0.0319,0.0593,66
0.831,0.836,126.047,0.83,-3.016,0.02,0.0488,54
0.935,0.594,124.946,0.358,-7.439,0.000507,0.0762,9
0.515,0.561,147.866,0.386,-7.191,0.752,0.0317,49
0.921,0.503,121.983,0.359,-5.907,0.00093,0.106,63
0.532,0.764,123.95,0.859,-5.979,0.598,0.0491,79
0.34,0.508,111.695,0.482,-11.555,0.834,0.0453,26
0.534,0.645,90.024,0.302,-5.428,0.147,0.0306,67
0.423,0.33,143.086,0.117,-10.504,0.265,0.0279,63
0.966,0.561,155.066,0.183,-3.137,0.0158,0.477,22
0.763,0.362,187.291,0.431,-8.514,0.015,0.0589,56
0.899,0.77,128.05,0.851,-2.981,0.222,0.0494,76
0.375,0.625,79.948,0.48,-11.094,0.702,0.0767,0
0.921,0.707,99.994,0.547,-3.323,0.135,0.0738,61
0.43,0.578,78.991,0.288,-6.134,0.33,0.0305,74
0.876,0.636,120.983,0.799,-3.413,0.00164,0.0555,83
0.481,0.684,115.078,0.784,-12.59,0.475,0.0384,60
0.378,0.362,87.549,0.575,-11.008,0.679,0.0329,69
0.454,0.572,140.182,0.515,-10.286,0.477,0.0258,67
0.627,0.576,164.998,0.311,-4.649,0.0385,0.0449,77
0.64,0.616,145.473,0.833,-11.505,0.0142,0.0283,34
0.414,0.582,98.017,0.0515,-11.211,0.0491,0.041,62
0.756,0.578,176.739,0.663,-5.82,0.157,0.115,73
0.0217,0.403,72.051,0.0652,-25.107,0.994,0.0502,50
0.983,0.592,131.967,0.375,-3.429,0.000611,0.084,60
0.51,0.632,134.024,0.443,-8.018,0.564,0.0345,60
0.903,0.468,152.383,0.523,-3.155,0.178,0.122,63
0.881,0.413,158.066,0.364,-5.541,5.99e-05,0.0367,84
0.714,0.423,110.017,0.593,-8.295,0.00113,0.045,77
0.656,0.695,90.986,0.346,-6.038,0.057,0.0489,64
0.884,0.569,121.01,0.429,-5.654,0.000158,0.0316,56
0.448,0.523,134.511,0.351,-13.53,0.442,0.0593,0
0.866,0.705,124.584,0.83,-10.683,0.00109,0.0405,0
0.119,0.48,77.874,0.118,-15.435,0.933,0.0472,0
0.658,0.453,203.871,0.761,-13.472,0.741,0.0539,65
0.8,0.773,89.988,0.842,-3.17,0.0613,0.0987,68
0.832,0.519,150.476,0.806,-6.467,0.338,0.384,20
0.772,0.593,118.173,0.74,-5.884,0.0208,0.0361,41
0.729,0.643,135.29,0.963,-10.231,0.674,0.0297,62
0.916,0.497,96.051,0.401,-3.323,0.000323,0.108,67
0.221,0.732,105.165,0.677,-12.623,0.897,0.056,74
0.737,0.619,154.499,0.914,-7.987,0.191,0.0585,30
0.0757,0.271,73.761,0.0399,-26.414,0.976,0.0397,0
0.902,0.558,100.027,0.572,-4.018,0.197,0.0464,68
0.896,0.67,148.767,0.843,-5.628,0.815,0.0312,47
0.238,0.624,176.24,0.346,-16.882,0.792,0.0509,30
0.751,0.675,118.384,0.612,-3.539,0.0604,0.0296,74
0.4,0.0668,74.465,0.0381,-12.792,0.14,0.0367,17
0.921,0.456,86.949,0.0739,-2.983,0.0404,0.0517,53
0.678,0.804,120.009,0.532,-6.868,0.385,0.116,47
0.927,0.33,88.832,0.486,-2.217,0.0956,0.0578,48
0.517,0.318,147.78,0.163,-11.786,0.851,0.163,24
0.947,0.491,166.236,0.474,-2.252,0.00261,0.306,67
0.469,0.322,161.917,0.134,-8.433,0.271,0.0653,39
0.595,0.376,144.361,0.265,-5.936,0.303,0.0496,79
0.972,0.585,110.006,0.585,-4.45,0.0143,0.0534,75
0.749,0.688,124.993,0.143,-10.037,0.00241,0.0369,25
0.336,0.474,74.961,0.458,-13.871,0.907,0.108,64
0.698,0.594,119.991,0.376,-8.645,0.103,0.0428,78
0.577,0.428,159.796,0.244,-5.629,0.842,0.0912,60
0.86,0.563,97.867,0.517,-7.533,0.00834,0.0621,71
0.471,0.684,121.081,0.453,-9.43,0.208,0.043,63
0.72,0.789,122.031,0.664,-5.652,0.223,0.218,78
0.448,0.559,148.02,0.354,-4.11,0.537,0.0275,47
0.94,0.21,179.722,0.255,-3.427,0.00602,0.123,77
0.48,0.417,176.328,0.949,-5.553,0.88,0.0297,43
0.416,0.684,80.204,0.549,-15.367,0.647,0.0447,62
0.655,0.811,117.979,0.925,-7.118,0.0947,0.0353,71
0.786,0.806,91.973,0.58,-3.831,0.145,0.0741,82
0.436,0.656,109.239,0.196,-11.141,0.845,0.0744,83
0.352,0.617,120.024,0.184,-15.745,0.622,0.0348,60
0.3,0.757,161.295,0.961,-9.017,0.836,0.0434,45
0.443,0.517,176.035,0.538,-8.946,0.88,0.0529,62
0.00189,0.179,81.71,1e-05,-25.2,0.982,0.327,75
0.531,0.803,130.05,0.965,-11.967,0.712,0.0348,63
0.87,0.28,164.057,0.284,-4.219,0.000686,0.0592,73
0.946,0.58,129.88,0.707,-7.321,0.000598,0.0578,29
0.628,0.537,97.87,0.514,-5.342,0.148,0.029,70
0.809,0.568,155.029,0.709,-3.869,0.000253,0.0517,70
0.306,0.714,129.984,0.314,-12.111,0.726,0.0388,67
0.91,0.624,104.042,0.767,-5.703,0.0285,0.0297,74
0.835,0.584,142.2,0.781,-4.326,0.0411,0.0297,59
0.828,0.783,94.509,0.92,-9.037,0.549,0.0416,29
0.564,0.916,120.053,0.709,-8.254,0.234,0.209,52
0.745,0.804,95.024,0.512,-5.805,0.112,0.0744,0
0.523,0.675,94.025,0.376,-7.598,0.761,0.0444,65
0.183,0.45,61.192,0.219,-9.003,0.762,0.0309,34
0.53,0.54,143.453,0.896,-10.583,0.614,0.0361,63
0.854,0.554,82.012,0.387,-6.263,0.102,0.0567,76
0.085,0.419,91.509,0.458,-19.387,0.908,0.0362,69
0.0642,0.158,107.432,0.0576,-25.666,0.884,0.0474,63
0.362,0.424,174.145,0.123,-11.11,0.974,0.0402,61
0.86,0.639,112.025,0.328,-4.27,0.000306,0.069,72
0.371,0.462,99.662,0.187,-11.604,0.794,0.0988,66
0.901,0.307,113.229,0.549,-9.168,0.000146,0.0389,42
0.14,0.637,139.78,0.392,-11.472,0.903,0.0407,61
0.979,0.457,127.006,0.227,-3.836,9.8e-06,0.0485,0
0.889,0.651,107.009,0.813,-5.236,0.00308,0.0694,59
0.777,0.693,126.335,0.626,-6.775,0.168,0.035,47
0.466,0.715,144.098,0.691,-11.862,0.00334,0.0896,38
0.342,0.687,105.318,0.169,-12.378,0.523,0.0409,0
0.823,0.541,143.037,0.553,-4.734,0.0073,0.055,60
0.822,0.613,105.997,0.567,-4.087,0.0092,0.026,83
0.124,0.475,94.42,0.19,-9.463,0.926,0.0444,76
0.879,0.456,165.168,0.967,-6.04,0.761,0.0413,25
0.459,0.759,109.997,0.695,-5.187,0.00323,0.0948,83
0.918,0.547,115.03,0.401,-6.9,9.9e-05,0.0367,20
0.572,0.796,98.967,0.304,-7.03,0.416,0.0545,77
0.722,0.306,174.732,0.41,-5.963,0.0519,0.034,72
0.865,0.545,99.009,0.543,-5.708,0.00664,0.0286,80
0.74,0.596,88.935,0.527,-5.552,0.00724,0.0486,46
0.445,0.743,91.488,0.842,-12.516,0.484,0.041,39
0.898,0.505,118.929,0.731,-4.906,0.000518,0.0329,61
0.612,0.595,99.941,0.942,-5.913,0.295,0.05,47
0.599,0.819,127.986,0.489,-6.778,0.347,0.039,63
0.914,0.363,177.968,0.678,-2.899,0.00183,0.0983,67
0.389,0.895,110.023,0.549,-11.036,0.222,0.11,76
0.994,0.477,125.058,0.0397,-4.953,0.000115,0.241,60
0.00428,0.497,129.456,0.331,-38.446,0.996,0.0633,0
0.727,0.736,94.048,0.644,-4.642,0.0584,0.0571,83
0.891,0.718,124.981,0.828,-3.494,0.00175,0.0404,2
0.228,0.426,147.994,0.0822,-10.552,0.198,0.0322,72
0.897,0.15,165.021,0.219,-4.552,0.000117,0.124,52
0.898,0.353,103.293,0.525,-5.877,2.23e-05,0.052,76
0.984,0.44,108.256,0.417,-4.715,0.00395,0.0816,26
0.177,0.321,99.088,0.0399,-12.708,0.237,0.035,53
0.896,0.36,150.127,0.119,-4.2,0.0185,0.0958,60
0.192,0.546,107.118,0.264,-17.624,0.483,0.0304,43
0.135,0.164,137.129,0.0557,-19.969,0.769,0.0437,21
0.623,0.615,92.937,0.266,-6.724,0.0893,0.0867,70
0.277,0.646,86.004,0.273,-10.531,0.553,0.0315,13
0.845,0.608,98.976,0.322,-2.292,0.136,0.0597,66
0.753,0.675,111.495,0.866,-5.64,0.0601,0.0264,19
0.8,0.581,119.872,0.709,-2.613,0.154,0.411,80
0.445,0.523,78.957,0.336,-6.359,0.188,0.0329,61
0.211,0.781,109.984,0.0601,-14.475,0.719,0.0397,25
0.559,0.755,148.953,0.936,-7.632,0.71,0.0413,29
0.974,0.42,165.182,0.463,-4.706,8.15e-05,0.191,71
0.801,0.745,143.011,0.486,-6.545,0.439,0.724,76
0.468,0.528,119.937,0.241,-8.286,0.264,0.133,61
0.817,0.675,105.964,0.446,-3.789,0.00711,0.0497,5
0.909,0.307,173.674,0.443,-7.08,0.135,0.0574,67
0.438,0.536,144.626,0.127,-12.894,0.119,0.103,64
0.48,0.76,120.124,0.438,-8.562,0.548,0.0655,42
0.905,0.533,108.9,0.486,-5.27,0.00876,0.0754,71
0.561,0.67,131.957,0.488,-8.803,0.391,0.0467,40
0.961,0.461,96.009,0.416,-3.011,6.39e-06,0.0479,62
0.578,0.663,86.986,0.553,-9.079,0.312,0.0687,78
0.751,0.549,138.504,0.164,-4.398,0.637,0.179,63
0.147,0.151,65.595,0.253,-13.38,0.917,0.0382,0
0.713,0.607,124.868,0.611,-5.105,0.56,0.03,76
0.735,0.547,113.136,0.546,-5.676,0.114,0.0322,28
0.534,0.515,70.776,0.426,-8.045,0.181,0.0768,71
0.427,0.668,87.031,0.604,-8.74,0.492,0.0271,62
0.555,0.76,120.003,0.269,-12.659,0.185,0.0599,0
0.703,0.582,132.478,0.743,-7.055,0.071,0.247,37
0.948,0.185,196.578,0.316,-3.892,0.0104,0.147,71
0.24,0.753,77.993,0.183,-12.095,0.903,0.0458,63
0.525,0.761,80.87,0.531,-6.9,0.44,0.0944,83
0.731,0.876,119.011,0.699,-5.833,0.0163,0.0325,65
0.845,0.698,171.938,0.749,-4.705,0.176,0.12,1
0.69,0.847,125.004,0.692,-7.877,0.0127,0.0493,0
0.626,0.899,88.007,0.873,-4.228,0.076,0.292,3
0.599,0.884,105.021,0.684,-7.544,0.386,0.154,18
0.463,0.694,172.12,0.608,-5.993,0.611,0.0457,45
0.551,0.65,102.934,0.294,-6.906,0.405,0.0274,67
0.661,0.808,107.992,0.804,-6.237,0.0358,0.0395,72
0.705,0.702,154.911,0.743,-6.666,0.258,0.0543,66
0.604,0.739,124.982,0.593,-9.796,0.000308,0.062,31
0.952,0.582,103.027,0.655,-3.848,0.00324,0.0731,75
0.47,0.562,159.728,0.271,-10.722,0.455,0.0717,64
0.625,0.585,68.68,0.28,-5.94,0.0146,0.109,66
0.563,0.728,100.017,0.352,-8.053,0.621,0.134,82
0.403,0.558,81.661,0.148,-8.968,0.328,0.0245,0
0.44,0.797,111.014,0.436,-6.587,0.471,0.0594,74
0.37,0.503,78.963,0.102,-17.502,0.768,0.0489,60
0.949,0.169,112.758,0.112,-6.789,2.47e-05,0.101,22
0.349,0.435,90.889,0.488,-12.048,0.875,0.0598,28
0.803,0.451,153.95,0.145,-4.932,0.208,0.0398,0
0.447,0.443,127.395,0.215,-7.895,0.768,0.0356,64
0.687,0.753,90.621,0.754,-6.375,0.52,0.149,61
0.711,0.692,125.135,0.875,-7.498,0.225,0.0317,82
0.784,0.432,108.142,0.354,-10.273,0.829,0.0604,32
0.754,0.268,125.008,0.148,-6.871,0.384,0.0609,45
0.418,0.607,136.019,0.405,-9.501,0.518,0.0274,42
0.801,0.743,121.965,0.381,-4.097,0.00598,0.0343,60
0.745,0.608,102.025,0.464,-4.13,0.0226,0.0277,82
0.862,0.791,123.994,0.592,-3.24,0.037,0.11,89
0.344,0.482,133.499,0.211,-6.002,0.901,0.0318,61
0.811,0.794,116.047,0.862,-8.966,0.0426,0.038,82
0.846,0.746,114.955,0.403,-2.432,0.0485,0.048,69
0.953,0.631,141.99,0.422,-3.739,0.0241,0.0343,73
0.366,0.604,141.981,0.13,-7.519,0.578,0.0282,85
0.692,0.343,174.07,0.153,-3.926,0.00218,0.0355,65
0.958,0.195,198.151,0.11,-4.391,5.19e-05,0.194,57
0.489,0.595,120.315,0.0902,-6.66,0.497,0.0271,74
0.838,0.557,183.026,0.643,-5.007,0.06,0.0393,53
0.991,0.545,146.064,0.533,-5.587,0.0216,0.0519,23
0.924,0.593,144.96,0.48,-5.341,0.23,0.0527,30
0.921,0.612,139.988,0.446,-2.882,0.0183,0.085,73
0.478,0.703,111.988,0.535,-7.546,0.755,0.05,34
0.366,0.552,125.686,0.345,-7.274,0.85,0.0326,37
0.823,0.63,117.048,0.565,-4.857,0.0205,0.0496,75
0.544,0.872,94.996,0.363,-7.065,0.197,0.0963,6
0.651,0.611,122.983,0.351,-6.973,0.144,0.0589,65
0.685,0.789,160.04,0.533,-10.596,0.635,0.914,57
0.685,0.616,150.055,0.895,-15.289,0.0245,0.04,74
0.995,0.0916,75.761,1e-05,-19.76,0.789,0.119,33
0.603,0.283,174.541,0.476,-11.205,0.00694,0.0475,51
0.94,0.609,128.001,0.238,-6.097,0.00124,0.0617,70
0.653,0.812,124.034,0.864,-5.849,0.0059,0.0361,58
0.588,0.563,111.951,0.413,-7.125,0.0185,0.0318,0
0.778,0.706,129.688,0.512,-7.529,0.0116,0.248,45
0.769,0.454,122.531,0.491,-7.653,0.127,0.0814,63
0.787,0.642,146.733,0.406,-6.389,0.0185,0.17,71
0.886,0.603,126.025,0.395,-3.777,0.00045,0.0837,72
0.769,0.529,73.946,0.66,-6.369,0.00532,0.0469,56
0.801,0.651,133.769,0.776,-7.34,0.123,0.0514,72
0.994,0.517,135.071,0.65,-2.806,0.0589,0.402,30
0.797,0.589,102.489,0.232,-5.464,0.0289,0.15,65
0.389,0.611,116.258,0.232,-13.37,0.94,0.0357,41
0.859,0.15,170.527,0.354,-2.827,0.00201,0.0595,81
0.756,0.957,120.119,0.592,-7.842,0.0832,0.184,8
0.886,0.616,124.987,0.0694,-5.436,0.163,0.0416,65
0.462,0.553,94.998,0.65,-9.259,0.00807,0.0267,38
0.896,0.595,118.001,0.567,-2.951,0.0641,0.047,70
0.0868,0.39,117.969,0.154,-16.228,0.892,0.0358,24
0.547,0.767,103.03,0.66,-11.458,0.0399,0.0474,62
0.812,0.709,131.984,0.908,-2.497,0.108,0.119,51
0.567,0.604,99.905,0.306,-5.095,0.715,0.0236,47
0.519,0.328,145.985,0.154,-11.657,0.823,0.17,44
0.939,0.572,138.008,0.258,-4.021,3.24e-05,0.0506,7
0.488,0.423,113.831,0.496,-7.557,0.751,0.0374,24
0.771,0.635,200.022,0.943,-4.769,0.0398,0.0823,18
0.591,0.213,88.024,0.0629,-4.845,0.976,0.0382,0
0.815,0.648,126.507,0.953,-4.756,0.229,0.0404,27
0.57,0.616,124.721,0.622,-7.797,0.0581,0.0517,0
0.491,0.684,117.916,0.4,-7.655,0.71,0.0361,0
0.713,0.784,115.443,0.97,-6.865,0.447,0.0339,70
0.251,0.601,116.49,0.27,-17.626,0.118,0.0348,62
0.778,0.658,146.1,0.627,-5.575,0.262,0.06,55
0.419,0.519,140.033,0.266,-6.276,0.457,0.033,71
0.427,0.64,149.703,0.529,-9.29,0.0664,0.0241,71
0.677,0.634,95.792,0.939,-7.19,0.318,0.0448,72
0.615,0.605,172.211,0.841,-5.617,0.479,0.0474,60
0.396,0.661,109.989,0.0352,-13.093,0.457,0.0466,61
0.805,0.639,103.451,0.507,-5.961,0.0383,0.032,3
0.552,0.708,147.834,0.686,-5.552,0.0922,0.21,67
0.0491,0.104,90.278,0.0341,-22.883,0.984,0.046,0
0.729,0.673,122.023,0.675,-4.879,0.083,0.0496,74
0.443,0.623,131.644,0.629,-11.551,0.165,0.036,1
0.801,0.847,109.965,0.709,-4.073,0.278,0.105,49
0.691,0.835,103.999,0.581,-5.828,0.0159,0.113,68
0.359,0.535,154.163,0.488,-9.343,0.771,0.0607,71
0.633,0.659,125.939,0.0752,-5.343,0.0621,0.0334,50
0.793,0.618,101.015,0.459,-5.711,0.204,0.0601,73
0.829,0.616,169.92,0.323,-4.932,0.1,0.119,17
0.496,0.555,82.229,0.391,-7.175,0.64,0.0329,66
0.452,0.713,102.963,0.235,-9.638,0.841,0.0295,75
0.794,0.792,117.993,0.684,-4.414,0.133,0.0661,15
0.481,0.871,103.063,0.664,-9.068,0.52,0.0383,76
0.849,0.536,127.002,0.305,-4.702,0.00318,0.0616,68
0.776,0.764,119.92,0.772,-5.329,0.124,0.0329,1
0.893,0.483,107.246,0.0544,-5.868,0.00129,0.0507,22
0.598,0.772,117.972,0.318,-8.193,0.135,0.0835,63
0.968,0.666,135.099,0.834,-3.196,0.123,0.046,59
0.479,0.358,121.467,0.333,-5.879,0.511,0.0286,62
0.548,0.579,160.477,0.85,-8.975,0.788,0.32,40
0.497,0.407,152.194,0.312,-5.828,0.263,0.0357,62
0.489,0.657,116.0,0.399,-6.829,0.713,0.0306,67
0.856,0.62,127.982,0.808,-4.932,0.00381,0.0754,49
0.891,0.579,87.298,0.454,-3.719,0.824,0.907,27
0.792,0.553,174.764,0.0555,-7.665,0.00126,0.0467,16
0.977,0.64,142.019,0.493,-5.369,0.00461,0.0555,62
0.557,0.783,108.012,0.368,-8.599,0.641,0.0275,64
0.597,0.449,134.598,0.505,-4.401,0.347,0.14,58
0.779,0.676,122.026,0.511,-3.493,0.182,0.0656,52
0.709,0.623,122.394,0.948,-9.818,0.102,0.0636,65
0.721,0.552,123.794,0.516,-4.133,0.228,0.0341,40
0.192,0.483,100.848,0.0542,-15.378,0.991,0.0469,73
0.162,0.505,97.041,0.341,-15.339,0.97,0.0455,24
0.814,0.819,125.965,0.464,-3.44,0.00033,0.0382,53
0.554,0.573,104.004,0.124,-6.002,0.146,0.0272,34
0.582,0.695,122.433,0.892,-11.35,0.297,0.0651,67
0.716,0.649,86.949,0.639,-3.936,0.268,0.0384,64
0.273,0.279,66.886,0.183,-9.885,0.984,0.032,0
0.876,0.707,176.068,0.853,-1.887,0.173,0.0787,72
0.291,0.361,115.999,0.0708,-14.148,0.722,0.0338,60
0.941,0.313,178.061,0.35,-1.741,0.0112,0.133,60
0.711,0.569,124.236,0.297,-9.358,0.345,0.133,43
0.855,0.548,145.133,0.644,-3.266,0.0149,0.151,72
0.785,0.552,120.026,0.206,-5.351,0.00333,0.036,28
0.345,0.559,84.581,0.458,-13.496,0.0576,0.0459,82
0.575,0.593,84.272,0.416,-7.893,0.161,0.0441,42
0.918,0.621,151.988,0.834,-3.01,0.0754,0.0552,71
0.894,0.332,174.034,0.656,-6.103,0.0207,0.0469,28
0.727,0.623,125.975,0.4,-5.57,0.184,0.0562,0
0.619,0.549,90.034,0.407,-6.924,0.372,0.0344,68
0.507,0.653,150.198,0.263,-9.125,0.104,0.175,0
0.632,0.579,134.06,0.223,-5.616,0.369,0.0282,48
0.951,0.518,98.068,0.537,-3.198,0.00919,0.0529,51
0.265,0.362,76.404,0.224,-10.084,0.94,0.0355,0
0.447,0.442,137.987,0.165,-7.557,0.456,0.0278,37
0.868,0.384,95.027,0.233,-3.226,0.0458,0.0711,66
0.978,0.554,135.095,0.594,-3.554,0.111,0.131,77
0.969,0.48,142.489,0.494,-7.464,0.069,0.0854,65
0.347,0.705,80.057,0.36,-8.249,0.674,0.0301,64
0.927,0.359,154.071,0.316,-4.906,2.68e-05,0.0676,0
0.829,0.873,102.993,0.658,-5.912,0.0787,0.102,60
0.85,0.532,95.991,0.421,-7.375,0.00165,0.0572,42
0.843,0.529,117.662,0.188,-6.908,0.0628,0.0616,78
0.881,0.642,138.03,0.913,-3.537,0.209,0.0393,69
0.903,0.381,126.538,0.474,-3.883,0.000511,0.0762,24
0.655,0.695,118.02,0.747,-9.279,0.743,0.173,59
0.502,0.579,76.783,0.836,-7.57,0.733,0.0513,0
0.599,0.433,71.798,0.338,-7.293,0.479,0.0717,46
0.926,0.342,147.313,0.0972,-6.313,3.96e-05,0.0939,48
0.382,0.419,84.185,0.462,-13.438,0.32,0.0322,34
0.946,0.813,134.967,0.444,-1.832,0.182,0.169,48
0.321,0.504,170.134,0.577,-13.807,0.149,0.0316,62
0.94,0.832,97.029,0.965,-7.625,0.368,0.076,37
0.245,0.888,113.957,0.453,-9.639,0.653,0.0831,64
0.132,0.145,72.31,0.0958,-14.184,0.967,0.0367,22
0.72,0.916,103.312,0.76,-8.548,0.36,0.1,78
0.448,0.696,95.004,0.569,-9.099,0.452,0.0333,0
0.399,0.406,142.83,0.163,-10.449,0.756,0.0278,76
0.692,0.609,116.959,0.454,-2.958,0.0157,0.0259,90
0.148,0.603,95.451,0.228,-10.449,0.927,0.0279,74
0.788,0.504,170.039,0.228,-4.113,0.0134,0.215,77
0.682,0.487,123.391,0.356,-4.6,0.166,0.0527,61
0.533,0.584,131.745,0.224,-7.11,0.684,0.0305,74
0.115,0.563,129.046,0.515,-16.809,0.934,0.0626,25
0.62,0.331,84.922,0.199,-6.557,0.405,0.0356,42
0.706,0.549,82.49,0.312,-17.454,0.663,0.945,22
0.242,0.369,69.383,0.233,-12.52,0.979,0.0392,25
0.811,0.592,169.849,0.707,-5.55,0.431,0.175,36
0.978,0.579,125.073,0.558,-5.327,8.55e-05,0.0548,0
0.3,0.428,81.403,0.278,-10.214,0.638,0.157,44
0.758,0.602,141.108,0.788,-9.416,0.25,0.0324,68
0.587,0.494,131.774,0.605,-7.323,0.00518,0.0324,63
0.65,0.453,152.133,0.225,-4.508,0.00251,0.0271,28
0.964,0.713,138.054,0.562,-9.212,0.00541,0.0363,13
0.278,0.27,117.218,0.0516,-17.283,0.944,0.0361,39
0.263,0.761,107.991,0.315,-14.762,0.12,0.0473,60
0.856,0.684,117.027,0.343,-2.676,0.342,0.0411,71
0.965,0.293,90.167,0.259,-3.892,0.00389,0.0787,26
0.484,0.731,92.043,0.35,-5.579,0.73,0.0354,65
0.75,0.419,145.867,0.436,-3.546,0.011,0.0316,74
0.618,0.611,99.999,0.515,-6.573,0.0029,0.0655,54
0.842,0.872,127.011,0.971,-6.736,0.102,0.0299,25
0.662,0.686,125.004,0.283,-12.405,0.00281,0.0438,52
0.966,0.61,126.001,0.631,-4.116,0.000645,0.305,57
0.825,0.702,102.977,0.915,-3.787,0.00883,0.0601,85
0.679,0.536,144.015,0.149,-5.863,0.01,0.028,37
0.572,0.743,122.658,0.675,-9.627,0.186,0.0493,70
0.649,0.484,151.537,0.838,-7.479,0.258,0.0561,58
0.91,0.73,128.053,0.3,-5.509,0.109,0.191,63
0.189,0.402,126.307,0.619,-22.257,0.996,0.0406,0
0.964,0.416,157.925,0.212,-2.967,2.35e-05,0.112,0
0.283,0.478,77.398,0.462,-19.7,0.594,0.0518,0
0.55,0.87,95.019,0.566,-5.537,0.102,0.0722,87
0.539,0.506,118.668,0.208,-10.654,0.11,0.0293,61
0.741,0.363,130.66,0.47,-2.763,0.207,0.358,20
0.291,0.565,83.017,0.195,-15.968,0.506,0.044,49
0.659,0.845,125.965,0.547,-6.348,0.159,0.0373,69
0.562,0.798,99.98,0.431,-12.748,0.152,0.265,23
0.797,0.766,128.001,0.745,-6.563,0.18,0.0296,25
0.982,0.371,168.934,0.0785,-5.886,0.359,0.512,23
0.556,0.586,167.018,0.517,-7.639,0.00655,0.0592,0
0.808,0.493,117.971,0.38,-3.365,0.000235,0.0362,70
0.822,0.704,122.031,0.541,-4.69,0.0097,0.0366,2
0.852,0.82,109.036,0.82,-2.567,0.488,0.166,74
0.679,0.835,124.98,0.85,-5.329,0.583,0.0364,98
0.493,0.678,122.627,0.914,-13.782,0.0882,0.0302,60
0.803,0.53,80.992,0.565,-5.031,0.0545,0.0386,64
0.55,0.633,147.099,0.333,-9.965,0.649,0.0924,74
0.727,0.623,125.975,0.4,-5.57,0.184,0.0562,0
0.436,0.333,140.011,0.149,-9.735,0.876,0.029,47
0.855,0.548,145.133,0.644,-3.266,0.0149,0.151,72
0.777,0.266,146.777,0.652,-6.06,0.394,0.0473,27
0.402,0.834,122.008,0.684,-10.277,0.76,0.072,64
0.187,0.372,70.334,0.217,-13.497,0.942,0.0323,59
0.533,0.688,164.069,0.567,-8.363,0.0355,0.0865,72
0.954,0.509,120.001,0.841,-6.06,0.000483,0.0517,21
0.657,0.318,177.477,0.753,-11.829,0.101,0.0358,63
0.473,0.396,133.449,0.385,-7.67,0.326,0.0345,71
0.447,0.527,94.051,0.536,-12.014,0.243,0.0311,62
0.574,0.42,170.549,0.218,-5.149,0.238,0.0292,67
0.896,0.274,174.057,0.378,-3.837,0.00107,0.0395,29
0.953,0.702,134.027,0.507,-6.347,0.0113,0.0473,65
0.835,0.454,175.602,0.55,-6.307,0.448,0.0685,40
0.218,0.556,139.775,0.289,-11.923,0.788,0.0305,43
0.897,0.434,135.54,0.376,-4.845,0.0124,0.0695,70
0.522,0.529,95.988,0.745,-10.432,0.35,0.0239,40
0.828,0.591,89.981,0.881,-10.309,0.138,0.0539,52
0.681,0.471,128.063,0.361,-9.946,0.153,0.0442,39
0.328,0.335,131.163,0.223,-10.164,0.542,0.0312,47
0.351,0.497,171.719,0.234,-9.048,0.777,0.0648,59
0.47,0.846,119.071,0.44,-10.573,0.0107,0.0524,32
0.689,0.66,127.98,0.427,-2.671,0.0884,0.0337,74
0.166,0.471,169.298,0.421,-14.147,0.858,0.0457,38
0.322,0.611,119.957,0.315,-14.461,0.922,0.0367,47
0.68,0.195,152.29,0.221,-6.497,0.0242,0.0376,59
0.692,0.622,112.053,0.774,-6.97,0.363,0.0276,71
0.678,0.808,128.001,0.072,-12.26,0.00215,0.0653,16
0.605,0.282,103.929,0.0783,-4.916,0.0047,0.0294,74
0.756,0.704,121.737,0.461,-4.948,0.298,0.448,91
0.82,0.728,124.001,0.652,-6.198,0.00898,0.031,73
0.223,0.523,150.097,0.738,-11.437,0.618,0.0393,48
0.76,0.651,122.969,0.137,-5.949,0.0273,0.0446,63
0.497,0.734,127.989,0.307,-9.666,0.67,0.166,68
0.602,0.781,129.011,0.554,-4.881,0.225,0.0523,47
0.168,0.25,107.269,0.141,-16.789,0.822,0.0329,0
0.457,0.706,144.962,0.427,-8.667,0.369,0.0597,70
0.767,0.579,149.975,0.475,-6.916,0.00475,0.0399,47
0.282,0.39,155.877,0.297,-13.524,0.891,0.0493,32
0.459,0.473,66.37,0.346,-7.348,0.4,0.0377,53
0.727,0.443,160.82,0.566,-7.951,0.263,0.145,69
0.901,0.589,173.979,0.11,-1.663,0.0411,0.0873,20
0.771,0.593,132.101,0.417,-6.522,0.0108,0.0338,0
0.538,0.649,160.075,0.355,-9.793,0.0483,0.0918,68
0.825,0.386,188.962,0.253,-8.881,0.00159,0.277,39
0.895,0.435,119.659,0.668,-8.7,1.13e-05,0.0421,61
0.386,0.497,81.774,0.695,-14.177,0.784,0.038,0
0.281,0.158,74.409,0.0485,-8.069,0.957,0.0376,19
0.631,0.421,175.95,0.206,-7.784,0.174,0.057,40
0.539,0.665,145.828,0.666,-6.613,0.165,0.0699,52
0.816,0.298,87.72,0.464,-6.513,0.473,0.0435,45
0.952,0.273,100.271,0.472,-8.762,0.0169,0.0843,79
0.591,0.541,111.676,0.116,-6.688,0.289,0.0336,73
0.72,0.69,135.979,0.722,-5.601,0.479,0.285,50
0.812,0.733,125.027,0.619,-4.559,0.00125,0.122,0
0.748,0.503,125.896,0.356,-4.124,0.0305,0.0619,72
0.76,0.685,160.035,0.781,-7.813,0.0199,0.0512,75
0.981,0.61,155.136,0.118,-1.252,0.0272,0.42,20
0.104,0.415,82.006,0.18,-11.83,0.955,0.0426,71
0.0594,0.504,113.051,0.32,-17.779,0.991,0.0549,42
0.781,0.695,124.04,0.456,-5.578,0.0185,0.0452,75
0.369,0.368,87.537,0.285,-10.908,0.47,0.027,0
0.601,0.831,104.068,0.492,-5.674,0.386,0.321,62
0.408,0.426,76.309,0.528,-9.419,0.771,0.0524,73
0.353,0.62,74.037,0.281,-10.583,0.569,0.235,13
0.781,0.765,105.998,0.623,-4.523,0.0326,0.0542,42
0.543,0.563,91.045,0.302,-6.877,0.0297,0.0276,34
0.623,0.543,127.884,0.171,-4.067,0.204,0.0314,55
0.396,0.427,70.368,0.306,-7.556,0.736,0.0366,72
0.727,0.731,176.042,0.79,-6.001,0.0907,0.327,62
0.337,0.349,181.694,0.442,-9.267,0.838,0.0507,61
0.266,0.0607,58.261,0.0365,-14.469,0.645,0.0432,39
0.882,0.454,153.982,0.63,-6.353,0.0431,0.0609,23
0.838,0.527,117.454,0.721,-6.013,0.0206,0.0323,64
0.927,0.515,111.074,0.516,-5.873,0.00765,0.0591,42
0.73,0.717,102.002,0.792,-4.729,0.383,0.0568,72
0.966,0.519,94.965,0.313,-1.819,0.00014,0.0576,25
0.484,0.316,117.363,0.299,-9.11,0.000334,0.0308,75
0.333,0.689,115.835,0.471,-12.134,0.817,0.0307,71
0.399,0.581,98.025,0.183,-9.322,0.916,0.0325,63
0.404,0.555,81.041,0.517,-7.539,0.476,0.104,43
0.833,0.628,128.003,0.56,-4.126,0.0079,0.0282,70
0.412,0.483,170.163,0.247,-8.461,0.737,0.0402,81
0.292,0.711,103.951,0.194,-15.523,0.313,0.037,78
0.735,0.554,170.012,0.885,-5.915,0.434,0.0527,49
0.139,0.453,105.33,0.17,-12.683,0.806,0.0302,0
0.719,0.794,90.016,0.69,-7.227,0.0119,0.0761,83
0.96,0.598,163.011,0.937,-3.989,0.169,0.042,0
0.961,0.284,66.91,0.0307,-19.18,0.217,0.0958,33
0.993,0.484,195.06,0.601,-1.002,0.000164,0.179,23
0.512,0.716,104.957,0.326,-6.257,0.483,0.0331,78
0.53,0.765,130.104,0.529,-7.18,0.509,0.0833,68
0.705,0.549,146.024,0.52,-5.563,0.316,0.0564,64
0.393,0.557,114.048,0.238,-8.304,0.11,0.0331,50
0.0552,0.222,128.695,0.054,-28.651,0.932,0.0483,60
0.979,0.359,149.026,0.303,-5.599,0.000449,0.0866,51
0.766,0.683,119.19,0.568,-8.733,0.554,0.041,65
0.731,0.589,87.908,0.191,-6.343,0.0534,0.0868,79
0.91,0.433,83.408,0.303,-2.547,0.00173,0.0643,49
0.544,0.541,98.015,0.456,-7.559,0.28,0.258,61
0.378,0.861,139.943,0.513,-19.649,0.519,0.304,52
0.569,0.837,135.022,0.614,-8.554,0.751,0.16,35
0.303,0.637,50.68,0.202,-9.532,0.193,0.0905,22
0.67,0.692,124.96,0.601,-7.459,0.146,0.0302,61
0.445,0.567,149.985,0.143,-7.226,0.0207,0.0283,44
0.457,0.759,89.998,0.57,-6.339,0.549,0.0335,54
0.696,0.606,121.347,0.68,-5.153,0.122,0.0613,0
0.524,0.611,203.787,0.73,-8.256,0.68,0.035,64
0.671,0.658,100.966,0.166,-12.21,0.0933,0.0363,85
0.427,0.857,130.033,0.366,-8.638,0.281,0.112,76
0.625,0.489,149.921,0.439,-6.497,0.288,0.0584,65
0.857,0.641,122.728,0.961,-5.725,0.013,0.301,68
0.756,0.761,126.122,0.702,-7.656,0.00953,0.0354,21
0.647,0.183,104.943,0.353,-6.453,0.315,0.0317,32
0.712,0.669,124.009,0.843,-4.992,0.303,0.0412,71
0.611,0.809,163.996,0.815,-2.777,0.684,0.109,48
0.935,0.38,109.096,0.529,-7.061,6.45e-06,0.0595,0
0.306,0.574,90.575,0.491,-11.877,0.865,0.0292,43
0.309,0.778,80.115,0.556,-16.688,0.915,0.324,63
0.969,0.578,104.999,0.684,-3.894,0.00113,0.0317,63
0.931,0.363,124.9,0.199,-4.265,6.57e-05,0.0676,24
0.676,0.565,103.554,0.963,-7.482,0.335,0.0384,0
0.256,0.531,82.246,0.355,-14.161,0.411,0.0253,19
0.574,0.512,119.917,0.161,-7.016,0.0425,0.0273,74
0.792,0.834,120.004,0.922,-5.91,0.0301,0.0338,50
0.864,0.626,123.833,0.555,-3.12,0.0682,0.0378,0
0.683,0.697,96.133,0.603,-2.881,0.0372,0.117,82
0.607,0.738,131.982,0.78,-3.933,0.00746,0.0845,0
0.65,0.552,127.977,0.228,-7.552,0.00953,0.0363,55
0.75,0.234,173.82,0.316,-7.034,0.369,0.0738,60
0.887,0.606,119.974,0.903,-4.404,0.000242,0.0598,71
0.542,0.799,107.993,0.673,-7.142,0.0858,0.0308,60
0.666,0.674,115.868,0.734,-9.749,0.392,0.0381,0
0.598,0.708,112.027,0.698,-8.365,0.037,0.0291,4
0.749,0.594,179.968,0.694,-5.298,0.0338,0.056,74
0.939,0.625,102.999,0.644,-3.115,0.00138,0.0669,76
0.902,0.563,121.99,0.0403,-10.781,0.00858,0.0408,53
0.875,0.57,175.017,0.802,-5.065,0.0334,0.07,18
0.996,0.367,154.116,0.307,-1.419,0.0476,0.538,30
0.234,0.713,123.737,0.779,-11.368,0.878,0.13,20
0.388,0.353,80.67,0.19,-7.091,0.346,0.0366,52
0.412,0.422,105.235,0.231,-7.878,0.81,0.0289,39
0.713,0.503,108.873,0.524,-5.932,0.000468,0.0331,29
0.758,0.52,135.349,0.706,-9.92,0.115,0.0363,0
0.855,0.812,90.04,0.573,-3.725,0.0789,0.0554,85
0.442,0.446,144.994,0.469,-7.367,0.684,0.0266,46
0.624,0.293,87.335,0.213,-7.13,0.0865,0.0613,63
0.881,0.474,180.0,0.587,-1.846,0.033,0.0398,62
0.796,0.47,113.108,0.215,-3.277,0.362,0.0336,75
0.883,0.771,127.008,0.895,-5.243,0.00596,0.0584,73
0.648,0.514,144.942,0.0816,-5.456,0.27,0.0482,63
0.588,0.48,177.018,0.305,-10.773,0.00213,0.0339,66
0.883,0.714,126.016,0.819,-4.43,0.00819,0.0625,62
0.343,0.548,121.67,0.34,-6.862,0.755,0.0324,19
0.707,0.565,127.222,0.831,-5.65,0.0101,0.0298,0
0.438,0.604,110.148,0.647,-7.325,0.786,0.0891,26
0.581,0.303,158.663,0.389,-13.108,0.736,0.139,0
0.978,0.525,178.069,0.577,-1.072,0.00485,0.0815,68
0.815,0.749,102.218,0.866,-6.381,0.228,0.083,0
0.958,0.459,142.707,0.586,-2.333,0.0283,0.0877,70
0.702,0.801,99.043,0.524,-4.952,0.49,0.37,0
0.805,0.545,110.005,0.727,-5.792,0.0326,0.0491,61
0.695,0.691,106.064,0.514,-5.6,0.0592,0.0367,76
0.607,0.737,179.957,0.528,-3.599,0.194,0.0835,0
0.903,0.723,132.006,0.443,-1.262,0.413,0.033,68
0.373,0.718,88.299,0.803,-8.603,0.732,0.0388,24
0.441,0.534,140.137,0.113,-7.071,0.525,0.0362,68
0.202,0.39,145.953,0.257,-21.285,0.88,0.0657,46
0.716,0.437,170.094,0.307,-4.306,0.39,0.05,66
0.675,0.288,179.475,0.337,-4.514,0.0741,0.0577,0
0.288,0.687,110.927,0.308,-10.415,0.863,0.045,74
0.763,0.754,117.953,0.464,-4.627,0.0301,0.0435,86
0.273,0.444,94.455,0.245,-12.609,0.833,0.0288,39
0.548,0.934,105.042,0.455,-7.89,0.0334,0.224,39
0.04,0.44,135.965,0.249,-16.887,0.981,0.0322,81
0.449,0.953,130.04,0.491,-7.409,0.0184,0.061,63
0.982,0.44,139.944,0.24,-8.144,0.000689,0.0529,29
0.874,0.502,141.776,0.392,-3.742,0.0543,0.203,51
0.945,0.473,119.922,0.51,-5.647,0.0402,0.14,40
0.964,0.522,170.944,0.51,-2.645,0.00109,0.095,69
0.855,0.873,107.868,0.884,-8.559,0.179,0.0615,69
0.658,0.653,99.99,0.219,-6.428,0.0215,0.0304,74
0.336,0.475,80.076,0.0988,-10.475,0.926,0.0272,49
0.697,0.672,91.945,0.868,-8.533,0.12,0.249,23
0.658,0.435,77.17,0.524,-5.949,0.699,0.0368,74
0.972,0.643,154.981,0.316,-0.121,0.0218,0.282,16
0.702,0.58,105.076,0.299,-5.565,0.0466,0.0337,76
0.596,0.71,148.869,0.721,-6.655,0.132,0.0575,73
0.94,0.549,175.044,0.909,-4.151,0.0329,0.108,36
0.9,0.674,126.01,0.77,-6.293,0.00617,0.0386,5
0.808,0.493,117.971,0.38,-3.365,0.000235,0.0362,70
0.177,0.398,175.098,0.22,-10.277,0.718,0.0374,1
0.682,0.773,150.974,0.81,-6.329,0.047,0.054,61
0.774,0.711,115.007,0.553,-6.769,0.549,0.0564,0
0.552,0.531,74.931,0.328,-5.945,0.436,0.0309,59
0.963,0.612,138.009,0.179,-3.912,0.00897,0.0531,66
0.962,0.367,97.105,0.294,-6.568,1.11e-06,0.0842,19
0.925,0.639,128.003,0.183,-5.408,0.000435,0.036,61
0.716,0.655,80.813,0.521,-5.077,0.476,0.0897,68
0.897,0.403,77.825,0.586,-4.367,0.00258,0.0689,36
0.895,0.526,101.016,0.655,-5.407,0.0603,0.0543,63
0.793,0.558,75.999,0.457,-6.861,0.000641,0.0374,61
0.154,0.495,102.673,0.147,-17.792,0.859,0.0301,54
0.527,0.589,138.023,0.576,-8.332,0.0932,0.0572,61
0.535,0.826,109.997,0.544,-7.23,0.144,0.0711,46
0.795,0.823,150.058,0.481,-4.337,0.381,0.29,34
0.403,0.443,143.462,0.41,-8.339,0.631,0.0322,77
0.693,0.415,167.826,0.572,-4.664,0.027,0.0318,39
0.295,0.618,126.026,0.129,-8.871,0.861,0.031,19
0.904,0.531,94.999,0.753,-3.869,0.00353,0.0419,61
0.755,0.667,109.535,0.883,-7.246,0.0966,0.069,72
0.659,0.639,111.024,0.54,-5.356,0.456,0.0307,50
0.989,0.493,135.995,0.405,-5.975,4.18e-05,0.111,24
0.433,0.307,160.9,0.224,-10.057,0.388,0.029,82
0.394,0.512,80.522,0.083,-10.202,0.0149,0.0263,65
0.367,0.769,103.621,0.535,-11.226,0.684,0.0312,76
0.671,0.331,149.915,0.241,-4.478,0.00472,0.0327,22
0.686,0.46,148.054,0.252,-5.948,0.00146,0.0367,72
0.788,0.753,127.521,0.964,-7.271,0.126,0.0383,1
0.849,0.595,113.682,0.926,-2.917,0.0953,0.0455,30
0.895,0.575,102.02,0.648,-3.417,0.0521,0.0541,60
0.449,0.41,139.449,0.235,-13.323,0.576,0.046,61
0.74,0.707,127.974,0.336,-4.311,0.179,0.0509,74
0.759,0.801,104.002,0.293,-4.694,0.00531,0.0494,61
0.705,0.474,136.808,0.766,-9.01,0.0974,0.0273,30
0.801,0.842,95.881,0.617,-4.167,0.157,0.228,76
0.538,0.552,96.04,0.708,-6.61,0.8,0.0249,0
0.601,0.371,87.975,0.596,-8.431,0.137,0.0277,0
0.725,0.615,164.292,0.969,-9.956,0.014,0.0605,37
0.326,0.495,136.243,0.371,-12.29,0.541,0.0365,73
0.933,0.269,104.601,0.153,-6.422,0.0665,0.183,37
0.586,0.834,102.048,0.878,-8.278,0.439,0.0267,63
0.394,0.693,104.114,0.721,-15.882,0.0782,0.0428,76
0.868,0.647,121.82,0.804,-6.427,0.088,0.106,69
0.81,0.654,114.623,0.661,-6.26,0.00719,0.0288,78
0.932,0.376,163.956,0.319,-5.342,4.99e-06,0.0984,53
0.903,0.728,125.016,0.185,-3.624,6.7e-05,0.0751,9
0.624,0.61,176.169,0.244,-4.773,0.6,0.309,80
0.953,0.631,141.99,0.422,-3.739,0.0241,0.0343,73
0.86,0.737,93.989,0.656,-2.652,0.11,0.0593,79
0.933,0.395,92.53,0.194,-3.6,8.74e-06,0.116,54
0.872,0.449,130.22,0.788,-4.992,0.000793,0.0507,54
0.553,0.602,130.594,0.971,-9.336,0.108,0.0328,0
0.7,0.545,83.506,0.799,-6.961,0.0982,0.0323,0
0.849,0.482,124.631,0.937,-9.198,0.641,0.0452,75
0.318,0.228,80.776,0.217,-10.945,0.954,0.0388,23
0.604,0.913,120.984,0.616,-11.38,0.474,0.102,17
0.83,0.746,100.015,0.364,-4.983,0.0901,0.0919,21
0.581,0.405,77.217,0.18,-5.499,0.232,0.031,41
0.695,0.437,102.178,0.413,-9.447,0.00111,0.0617,73
0.859,0.793,129.911,0.964,-3.774,0.266,0.0332,70
0.454,0.594,133.825,0.705,-9.422,0.497,0.0755,66
0.9,0.771,129.005,0.748,-6.906,3.52e-05,0.0468,12
0.663,0.64,132.77,0.663,-7.516,0.201,0.0374,82
0.524,0.432,135.956,0.183,-8.721,0.0289,0.0321,67
0.533,0.625,108.296,0.139,-11.903,0.659,0.0596,85
0.8,0.714,134.002,0.589,-4.808,0.127,0.0504,86
0.632,0.59,110.0,0.345,-7.996,0.301,0.0376,66
0.914,0.811,129.951,0.368,-3.764,0.00322,0.206,44
0.739,0.543,67.512,0.293,-7.16,0.00531,0.0393,43
0.917,0.42,138.119,0.836,-3.545,0.000452,0.0529,36
0.787,0.604,126.062,0.301,-3.674,0.0679,0.103,80
0.832,0.531,83.614,0.664,-7.206,0.628,0.162,35
0.429,0.466,179.462,0.375,-4.52,0.672,0.0445,65
0.816,0.736,126.02,0.466,-5.157,0.0319,0.0732,65
0.814,0.601,175.014,0.329,-4.402,0.000722,0.0498,14
0.607,0.386,147.207,0.532,-7.7,0.0112,0.0261,74
0.0221,0.367,103.169,0.158,-27.33,0.996,0.0459,66
0.287,0.593,77.117,0.639,-12.472,0.764,0.0469,0
0.575,0.881,123.989,0.396,-8.106,0.116,0.246,47
0.797,0.655,177.928,0.839,-4.787,0.198,0.153,80
0.746,0.675,146.028,0.846,-7.715,0.0328,0.0351,35
0.441,0.573,61.657,0.389,-5.799,0.186,0.0758,70
0.432,0.498,135.015,0.365,-14.386,0.688,0.0345,0
0.802,0.417,146.794,0.634,-4.848,0.116,0.107,34
0.788,0.533,131.947,0.742,-9.431,0.0121,0.0366,41
0.797,0.518,132.918,0.293,-5.153,0.000681,0.0309,73
0.607,0.745,183.991,0.647,-7.98,0.395,0.437,44
0.872,0.787,92.025,0.696,-2.117,0.0067,0.143,3
0.314,0.458,99.377,0.382,-11.769,0.913,0.0263,0
0.436,0.56,117.907,0.402,-8.761,0.918,0.491,0
0.524,0.748,95.01,0.661,-5.599,0.414,0.0338,84
0.846,0.51,139.927,0.475,-4.595,0.0101,0.0461,72
0.862,0.621,125.024,0.038,-7.449,0.0182,0.0413,55
0.968,0.523,140.009,0.397,-4.053,9.18e-06,0.07,27
0.995,0.326,105.459,0.092,-4.38,9.41e-05,0.147,60
0.644,0.844,122.061,0.591,-6.273,0.0828,0.0479,75
0.505,0.489,163.255,0.337,-8.022,0.579,0.117,77
0.884,0.406,153.124,0.0403,-5.939,5.34e-05,0.112,50
0.91,0.677,107.025,0.938,-1.755,0.171,0.0335,36
0.34,0.717,75.009,0.516,-8.782,0.299,0.0397,25
0.145,0.492,90.078,0.218,-14.504,0.872,0.0422,0
0.91,0.624,104.042,0.767,-5.703,0.0285,0.0297,74
0.648,0.715,181.648,0.938,-10.452,0.733,0.0504,36
0.764,0.824,107.998,0.881,-4.175,0.0888,0.0854,88
0.581,0.653,144.83,0.308,-12.702,0.107,0.0794,40
0.355,0.787,99.978,0.48,-11.429,0.896,0.0288,65
0.756,0.725,100.07,0.828,-5.013,0.362,0.0572,75
0.882,0.643,159.996,0.941,-5.431,0.363,0.0808,70
0.664,0.745,121.083,0.526,-5.476,0.322,0.235,63
0.243,0.477,87.018,0.0997,-17.551,0.499,0.0636,43
0.458,0.424,95.663,0.183,-10.625,0.656,0.0294,44
0.753,0.545,105.754,0.434,-4.618,0.0417,0.036,71
0.723,0.494,144.036,0.152,-4.559,0.0192,0.0441,72
0.178,0.194,88.178,0.234,-18.063,0.983,0.0392,23
0.228,0.449,122.975,0.435,-17.439,0.77,0.0358,21
0.791,0.648,124.029,0.699,-7.734,0.559,0.0299,41
0.84,0.381,167.891,0.632,-9.695,0.0114,0.054,21
0.825,0.508,100.548,0.715,-9.627,0.175,0.0451,63
0.739,0.751,95.003,0.405,-6.977,0.2,0.045,68
0.884,0.612,178.043,0.679,-4.113,0.0759,0.0454,71
0.0867,0.258,136.724,0.138,-20.752,0.722,0.0365,38
0.539,0.753,124.015,0.443,-6.946,0.0505,0.0393,67
0.345,0.659,84.761,0.338,-8.464,0.106,0.107,63
0.625,0.829,105.037,0.459,-8.912,0.327,0.0747,0
0.664,0.75,100.023,0.586,-7.306,0.428,0.0723,54
0.538,0.955,116.977,0.837,-8.394,0.132,0.0734,62
0.179,0.332,96.529,0.315,-11.83,0.879,0.0326,76
0.618,0.856,81.993,0.391,-4.892,0.0303,0.286,82
0.224,0.582,110.998,0.489,-11.773,0.635,0.0434,17
0.864,0.437,81.394,0.749,-7.842,0.396,0.0904,74
0.907,0.553,100.967,0.451,-5.623,0.00401,0.0484,63
0.953,0.594,179.937,0.809,-7.122,0.0161,0.239,23
0.858,0.518,117.897,0.249,-6.147,0.00563,0.0672,73
0.789,0.64,75.018,0.762,-4.891,0.0875,0.0644,69
0.593,0.672,98.02,0.438,-4.01,0.0223,0.0304,71
0.815,0.492,171.379,0.812,-5.499,0.00643,0.0487,66
0.658,0.637,96.072,0.328,-5.775,0.00918,0.0291,70
0.812,0.805,122.003,0.748,-5.43,0.0318,0.0925,20
0.422,0.756,112.751,0.487,-12.967,0.0165,0.0292,74
0.788,0.662,179.876,0.711,-4.55,0.0191,0.205,3
0.84,0.549,100.026,0.546,-8.935,0.0115,0.0392,49
0.879,0.742,133.946,0.936,-4.274,0.0696,0.0328,71
0.827,0.29,167.086,0.45,-3.451,0.000659,0.0362,72
0.839,0.494,126.329,0.219,-8.79,0.0534,0.0647,64
0.743,0.695,123.007,0.634,-3.85,0.0786,0.0329,64
0.912,0.365,140.192,0.701,-5.877,7.24e-05,0.0442,37
0.929,0.676,97.019,0.157,-3.194,0.186,0.0458,63
0.914,0.673,97.021,0.183,-3.962,0.229,0.0496,74
0.919,0.644,117.458,0.87,-6.289,0.179,0.0561,0
0.941,0.327,129.738,0.707,-3.294,0.0231,0.353,67
0.648,0.601,124.878,0.701,-6.724,0.624,0.0674,22
0.702,0.762,127.029,0.898,-5.87,0.0167,0.0432,63
0.612,0.399,128.167,0.0567,-7.814,0.00317,0.0358,59
0.905,0.495,147.139,0.411,-5.766,5.71e-05,0.07,20
0.632,0.382,78.936,0.716,-6.393,0.391,0.0411,72
0.748,0.503,125.896,0.356,-4.124,0.0305,0.0619,72
0.999,0.543,99.99,0.0466,-0.918,0.0865,0.18,0
0.576,0.553,109.827,0.457,-13.458,0.191,0.0304,70
0.797,0.77,96.879,0.964,-4.778,0.555,0.0345,26
0.874,0.734,122.953,0.905,-3.158,0.168,0.0662,0
0.929,0.676,97.019,0.157,-3.194,0.186,0.0458,63
0.439,0.495,174.663,0.546,-11.327,0.201,0.0283,42
0.283,0.471,130.373,0.23,-15.997,0.927,0.0308,54
0.66,0.664,99.946,0.355,-4.646,0.512,0.0243,65
0.959,0.471,155.121,0.219,-2.521,0.0444,0.0911,20
0.905,0.502,135.001,0.405,-5.658,0.00151,0.0713,13
0.995,0.326,105.459,0.092,-4.38,9.41e-05,0.147,60
0.848,0.544,99.039,0.489,-6.804,0.00395,0.0288,1
0.828,0.49,170.049,0.31,-4.374,0.0265,0.0379,47
0.343,0.468,75.002,0.231,-8.728,0.686,0.0252,17
0.848,0.251,163.709,0.207,-6.501,0.0377,0.0579,70
0.836,0.462,168.766,0.671,-5.766,0.00517,0.0621,77
0.949,0.359,180.025,0.302,-0.413,0.0124,0.0841,48
0.747,0.737,105.943,0.447,-4.818,0.269,0.0323,73
0.932,0.552,103.108,0.518,-3.782,0.000102,0.0426,68
0.363,0.652,96.644,0.478,-8.62,0.586,0.0433,39
0.995,0.228,92.409,0.0238,-3.281,2.49e-06,0.106,11
0.43,0.515,91.844,0.104,-9.935,0.0097,0.0372,85
0.179,0.546,95.037,0.272,-19.623,0.611,0.23,68
0.988,0.19,135.208,0.0792,-4.592,1.3e-06,0.146,18
0.477,0.498,75.986,0.168,-9.477,0.228,0.0322,20
0.422,0.303,62.793,0.348,-10.643,0.825,0.0297,22
0.67,0.726,119.939,0.156,-5.872,0.0631,0.0796,57
0.644,0.687,118.0,0.891,-12.455,0.101,0.046,10
0.749,0.516,94.974,0.33,-3.265,0.066,0.0642,44
0.555,0.456,101.31,0.776,-10.615,0.508,0.0369,0
0.983,0.319,75.373,0.28,-0.48,0.0079,0.38,58
0.635,0.503,144.053,0.257,-6.644,0.594,0.0312,20
0.437,0.456,108.678,0.209,-11.156,0.839,0.0867,75
0.338,0.727,122.421,0.646,-13.887,0.79,0.0454,61
0.839,0.793,130.991,0.95,-9.985,0.427,0.0565,10
0.644,0.771,145.029,0.831,-7.746,0.522,0.0337,64
0.433,0.549,116.068,0.486,-8.526,0.906,0.0327,64
0.0349,0.163,103.885,0.0461,-24.264,0.745,0.0398,56
0.461,0.275,86.209,0.37,-11.575,0.978,0.0479,12
0.643,0.503,148.11,0.345,-6.586,0.523,0.0304,3
0.436,0.508,77.955,0.652,-8.06,0.58,0.0276,35
0.939,0.664,121.979,0.285,-4.699,0.011,0.0354,68
0.58,0.674,128.003,0.305,-8.081,0.311,0.0312,0
0.799,0.71,120.372,0.725,-4.897,0.22,0.0328,79
0.866,0.578,128.038,0.619,-3.804,0.00701,0.0619,83
0.634,0.572,168.136,0.432,-10.599,0.00547,0.0617,65
0.951,0.373,197.779,0.552,-2.124,0.0886,0.119,20
0.753,0.535,75.03,0.268,-6.465,0.056,0.138,40
0.719,0.393,124.353,0.497,-4.773,0.0629,0.0279,70
0.225,0.704,120.006,0.243,-14.454,0.902,0.0994,86
0.649,0.713,137.995,0.074,-6.537,0.0261,0.0642,42
0.313,0.56,144.745,0.254,-11.653,0.567,0.0627,77
0.137,0.475,129.623,0.057,-16.239,0.723,0.032,47
0.102,0.497,127.724,0.12,-23.235,0.891,0.0536,27
0.859,0.456,144.967,0.143,-7.397,0.000837,0.0471,44
0.738,0.588,130.035,0.227,-12.566,0.527,0.03,18
0.476,0.534,106.891,0.593,-8.268,0.0337,0.0325,47
0.574,0.708,115.055,0.161,-5.124,0.669,0.0343,54
0.789,0.404,154.858,0.159,-4.516,0.0243,0.0566,0
0.143,0.689,85.398,0.528,-17.374,0.97,0.264,60
0.449,0.531,120.619,0.346,-9.599,0.574,0.0421,36
0.764,0.594,122.051,0.0358,-10.72,0.00174,0.0395,56
0.764,0.446,172.094,0.543,-5.042,0.00135,0.033,80
0.774,0.735,101.987,0.562,-6.919,0.418,0.0343,37
0.749,0.886,131.924,0.833,-4.142,0.185,0.0966,60
0.785,0.607,93.295,0.901,-6.099,0.654,0.0372,2
0.978,0.367,135.15,0.639,-2.308,0.00146,0.232,66
0.107,0.534,131.499,0.384,-23.176,0.996,0.0888,28
0.654,0.453,115.0,0.702,-8.855,0.0205,0.0317,70
0.426,0.495,97.91,0.0636,-9.434,0.152,0.0736,72
0.948,0.555,146.969,0.815,-3.97,0.00836,0.0442,23
0.972,0.585,110.006,0.585,-4.45,0.0143,0.0534,75
0.593,0.841,124.917,0.808,-7.846,0.418,0.0379,81
0.512,0.829,80.511,0.638,-5.865,0.492,0.187,81
0.914,0.675,127.049,0.623,-6.091,0.141,0.2,36
0.452,0.367,113.066,0.189,-10.422,0.0353,0.0307,75
0.868,0.614,133.186,0.875,-4.573,0.000183,0.0406,22
0.845,0.795,170.023,0.769,-3.809,0.105,0.135,0
0.966,0.35,177.177,0.217,-5.934,0.173,0.31,41
0.63,0.286,179.975,0.313,-7.051,0.000834,0.0661,66
0.871,0.206,175.6,0.125,-5.751,0.0316,0.419,63
0.54,0.584,137.972,0.195,-7.786,0.0895,0.0576,78
0.779,0.627,149.929,0.619,-4.944,0.214,0.0392,65
0.54,0.536,83.301,0.439,-12.164,0.306,0.0344,31
0.606,0.34,151.383,0.268,-8.517,0.798,0.0379,60
0.338,0.573,96.981,0.451,-7.478,0.864,0.027,66
0.636,0.44,142.665,0.455,-10.322,0.139,0.0627,41
0.952,0.679,128.033,0.175,-2.777,1.66e-05,0.0596,39
0.0831,0.584,100.079,0.591,-21.379,0.988,0.0395,66
0.899,0.467,154.935,0.79,-1.161,0.000405,0.044,33
0.474,0.707,109.991,0.538,-4.603,0.578,0.0672,67
0.644,0.631,103.376,0.861,-10.81,0.341,0.0348,70
0.976,0.355,175.942,0.51,-4.698,0.0138,0.203,31
0.432,0.63,87.959,0.343,-6.721,0.551,0.0357,71
0.0185,0.111,76.153,0.0459,-32.335,0.957,0.0424,71
0.583,0.725,79.984,0.762,-9.942,0.3,0.0427,74
0.767,0.851,105.992,0.976,-5.603,0.753,0.106,33
0.42,0.592,146.004,0.441,-7.99,0.402,0.0358,47
0.788,0.476,90.066,0.746,-4.821,0.237,0.0446,70
0.905,0.426,164.934,0.497,-4.255,4.27e-05,0.0452,37
0.634,0.614,124.833,0.277,-5.265,0.245,0.0325,39
0.481,0.534,124.914,0.293,-9.016,0.697,0.0412,75
0.0285,0.222,79.693,0.152,-28.619,0.99,0.0352,51
0.72,0.779,94.021,0.62,-4.702,0.149,0.2,51
0.656,0.84,121.99,0.783,-5.162,0.0287,0.0401,71
0.843,0.562,99.251,0.614,-6.49,0.207,0.164,44
0.467,0.37,94.485,0.182,-9.013,0.0205,0.0273,84
0.361,0.51,73.354,0.208,-9.913,0.827,0.0576,60
0.281,0.732,75.531,0.708,-10.719,0.786,0.112,29
0.768,0.346,169.492,0.532,-5.695,0.00603,0.0377,70
0.495,0.109,76.799,0.0308,-15.679,0.876,0.105,10
0.0353,0.378,140.881,0.219,-25.159,0.977,0.0516,23
0.729,0.53,119.981,0.261,-6.393,0.00275,0.0338,62
0.584,0.78,119.963,0.947,-7.224,0.12,0.0322,40
0.705,0.469,122.025,0.137,-5.134,0.0304,0.0458,65
0.944,0.59,124.81,0.694,-3.596,4.69e-05,0.0496,0
0.57,0.552,76.62,0.281,-6.481,0.495,0.195,23
0.526,0.582,106.48,0.534,-17.817,0.905,0.953,22
0.823,0.635,151.047,0.457,-5.437,0.0261,0.153,71
0.927,0.177,158.343,0.07,-6.252,9.65e-05,0.115,23
0.744,0.724,119.978,0.645,-4.757,0.00219,0.0398,50
0.64,0.866,103.011,0.563,-4.098,0.00996,0.0824,37
0.203,0.725,71.888,0.72,-13.306,0.984,0.154,19
0.674,0.735,171.883,0.561,-5.629,0.18,0.124,7
0.504,0.524,123.66,0.327,-7.641,0.82,0.05,64
0.285,0.645,127.952,0.727,-12.609,0.93,0.225,28
0.632,0.888,91.979,0.662,-3.872,0.19,0.219,77
0.679,0.576,121.005,0.213,-7.237,0.0311,0.034,76
0.0714,0.48,129.905,0.198,-25.184,0.995,0.044,57
0.662,0.834,115.999,0.718,-6.179,0.522,0.0407,69
0.894,0.439,96.106,0.591,-6.396,3.3e-06,0.0517,57
0.624,0.675,104.047,0.725,-9.285,0.266,0.0544,19
0.601,0.412,114.537,0.49,-10.493,0.000866,0.0536,59
0.718,0.686,115.026,0.557,-5.054,0.00637,0.0431,72
0.646,0.756,176.088,0.429,-5.795,0.152,0.319,3
0.504,0.525,80.002,0.555,-11.539,0.229,0.0259,45
0.75,0.572,144.081,0.475,-5.042,0.0946,0.0604,64
0.0992,0.442,113.645,0.213,-22.153,0.983,0.0346,61
0.485,0.58,113.797,0.158,-5.438,0.696,0.0312,75
0.816,0.71,131.001,0.363,-4.516,0.0573,0.186,73
0.672,0.655,98.005,0.675,-4.966,0.253,0.0581,65
0.486,0.414,128.038,0.368,-6.431,0.0129,0.0311,71
0.542,0.665,97.975,0.587,-8.323,0.123,0.033,76
0.594,0.579,125.979,0.424,-5.201,0.6,0.0327,40
0.7,0.709,145.04,0.397,-4.834,0.00171,0.0746,59
0.724,0.511,130.029,0.536,-5.927,0.000826,0.0311,56
0.924,0.584,87.96,0.543,-3.089,0.0166,0.0759,48
0.385,0.615,126.164,0.728,-9.68,0.876,0.0312,22
0.641,0.889,87.99,0.588,-4.494,0.0515,0.0668,74
0.477,0.528,135.315,0.247,-6.552,0.291,0.0319,62
0.664,0.697,120.041,0.265,-8.962,0.0256,0.0275,59
0.394,0.639,90.056,0.42,-10.414,0.952,0.108,16
0.837,0.597,126.342,0.447,-6.518,0.00427,0.375,74
0.332,0.607,128.272,0.662,-7.752,0.725,0.0458,17
0.15,0.448,93.857,0.125,-22.779,0.772,0.0385,21
0.859,0.616,136.021,0.416,-8.604,0.00679,0.049,19
0.643,0.46,160.044,0.286,-5.903,0.199,0.0309,56
0.808,0.594,188.09,0.919,-2.409,0.415,0.0489,68
0.323,0.335,91.599,0.291,-14.71,0.759,0.0564,54
0.533,0.534,136.854,0.478,-6.161,0.5,0.047,0
0.686,0.561,89.97,0.22,-6.273,0.267,0.0473,65
0.825,0.419,73.202,0.363,-5.013,0.49,0.0709,57
0.721,0.777,106.956,0.88,-6.951,0.476,0.071,67
0.431,0.712,96.327,0.414,-12.063,0.34,0.0232,47
0.937,0.618,138.023,0.0351,-5.682,0.00805,0.0559,39
0.346,0.847,126.009,0.404,-11.243,0.00339,0.0936,55
0.955,0.784,131.987,0.813,-4.41,0.0992,0.0339,10
0.5,0.593,117.996,0.465,-8.532,0.707,0.029,73
0.8,0.541,129.939,0.56,-3.687,0.0442,0.0382,53
0.941,0.483,156.033,0.503,-3.598,0.000526,0.0575,69
0.274,0.576,85.969,0.404,-13.531,0.455,0.0327,62
0.598,0.645,105.929,0.913,-13.18,0.221,0.0335,76
0.858,0.787,105.0,0.814,-4.152,0.405,0.0373,1
0.925,0.657,93.941,0.904,-2.252,0.316,0.189,44
0.51,0.497,113.074,0.198,-7.3,0.0902,0.0299,35
0.533,0.588,129.639,0.701,-7.354,0.843,0.0306,46
0.81,0.653,121.951,0.583,-6.032,0.118,0.0558,63
0.72,0.655,121.311,0.745,-9.423,0.0318,0.0312,65
0.856,0.445,105.872,0.486,-3.674,0.000202,0.0327,72
0.675,0.549,119.898,0.206,-5.637,0.399,0.0332,72
0.975,0.425,170.002,0.0772,-2.69,0.0214,0.214,17
0.736,0.476,129.084,0.251,-5.38,0.0217,0.0343,73
0.446,0.639,76.004,0.363,-10.489,0.295,0.0378,65
0.799,0.469,147.847,0.495,-5.983,0.105,0.387,64
0.815,0.708,96.001,0.961,-6.769,0.635,0.0413,35
0.991,0.209,199.865,0.0659,-1.876,0.000407,0.356,60
0.544,0.425,90.043,0.138,-7.105,0.0562,0.0292,73
0.53,0.106,80.563,0.687,-8.175,0.508,0.0341,0
0.338,0.689,128.012,0.568,-7.634,0.349,0.0629,72
0.421,0.713,79.005,0.59,-8.692,0.657,0.0362,56
0.563,0.563,116.016,0.454,-6.451,0.753,0.0328,43
0.703,0.792,121.975,0.472,-4.678,0.0874,0.0391,0
0.758,0.78,92.016,0.711,-6.414,0.115,0.138,63
0.528,0.798,149.995,0.728,-8.908,0.293,0.042,77
0.0508,0.444,132.664,0.271,-28.789,0.993,0.0395,51
0.56,0.806,124.273,0.714,-8.829,0.564,0.0312,43
0.985,0.645,113.934,0.446,-3.715,0.00113,0.111,0
0.901,0.5,117.026,0.716,-3.465,1.95e-05,0.07,23
0.0506,0.185,142.422,0.0767,-28.107,0.965,0.0568,60
0.361,0.473,95.012,0.246,-12.468,0.732,0.0293,42
0.744,0.541,194.976,0.877,-6.191,0.507,0.295,68
0.717,0.472,103.563,0.346,-8.939,0.373,0.0691,46
0.973,0.632,175.008,0.633,-4.938,0.0762,0.0696,25
0.677,0.687,75.052,0.545,-4.172,0.000643,0.0508,75
0.488,0.752,136.041,0.533,-7.05,0.297,0.0705,79
0.708,0.539,123.039,0.381,-6.189,0.0129,0.0976,74
0.965,0.533,94.88,0.34,-3.371,9.88e-05,0.084,48
0.886,0.829,115.056,0.777,-1.746,0.259,0.112,77
0.563,0.905,106.998,0.324,-6.135,0.0254,0.102,86
0.485,0.431,177.329,0.699,-11.844,0.0326,0.0279,52
0.737,0.808,123.985,0.865,-4.538,0.0602,0.0526,64
0.486,0.555,156.17,0.836,-11.584,0.79,0.0324,22
0.884,0.62,125.39,0.594,-4.127,0.00595,0.0441,60
0.726,0.816,136.048,0.65,-3.998,0.099,0.129,79
0.997,0.464,185.032,0.0929,-2.018,0.168,0.251,18
0.895,0.743,139.953,0.945,-4.617,0.00615,0.0357,64
0.537,0.674,110.578,0.809,-10.971,0.566,0.0363,73
0.527,0.78,99.986,0.588,-4.702,0.0563,0.0296,64
0.925,0.37,174.998,0.119,-3.935,0.000716,0.0436,16
0.929,0.286,99.762,0.127,-8.494,0.00231,0.091,0
0.85,0.744,124.993,0.845,-6.969,0.00681,0.0529,11
0.0297,0.231,131.413,0.07,-31.544,0.991,0.0579,70
0.812,0.529,145.532,0.718,-6.627,0.000338,0.0354,25
0.799,0.622,116.985,0.6,-4.811,0.00185,0.0342,72
0.966,0.732,138.051,0.0941,-5.769,0.0242,0.16,51
0.917,0.55,126.115,0.601,-3.159,0.00428,0.0638,81
0.619,0.537,119.222,0.897,-11.404,0.101,0.0339,23
0.808,0.818,110.023,0.798,-4.109,0.0165,0.0531,62
0.786,0.699,105.994,0.69,-5.8,0.562,0.042,50
0.92,0.632,127.001,0.363,-4.976,0.119,0.0531,65
0.858,0.737,126.254,0.65,-4.1,0.0537,0.0648,74
0.876,0.647,151.925,0.949,-5.662,0.881,0.185,0
0.593,0.628,125.026,0.104,-5.036,0.093,0.0323,83
0.597,0.489,95.012,0.324,-6.633,0.27,0.0292,79
0.412,0.663,98.023,0.356,-8.195,0.00434,0.364,63
0.838,0.598,154.98,0.753,-7.689,0.000616,0.0376,23
0.741,0.624,94.99,0.214,-6.417,0.00191,0.029,47
0.771,0.444,148.028,0.45,-4.607,0.13,0.0485,49
0.992,0.611,127.973,0.541,-2.098,0.000278,0.103,34
0.852,0.753,124.023,0.586,-4.028,0.0319,0.138,60
0.894,0.339,123.917,0.163,-4.191,0.117,0.26,17
0.287,0.593,77.117,0.639,-12.472,0.764,0.0469,0
0.675,0.779,91.006,0.63,-4.976,0.138,0.0485,4
0.711,0.689,128.005,0.914,-6.077,0.0732,0.0316,2
0.42,0.132,45.857,0.185,-7.761,0.209,0.0368,0
0.95,0.449,162.001,0.113,-11.134,0.0083,0.0794,21
0.721,0.649,113.538,0.766,-7.468,0.318,0.0638,42
0.93,0.141,171.567,0.426,-5.571,8.94e-05,0.0764,24
0.362,0.709,122.043,0.113,-9.814,0.157,0.055,75
0.798,0.43,97.15,0.769,-5.335,0.313,0.194,0
0.752,0.774,139.965,0.546,-5.534,0.0481,0.137,73
0.807,0.499,164.772,0.581,-7.122,0.261,0.29,33
0.819,0.891,101.968,0.768,-3.964,0.0261,0.106,76
0.853,0.739,123.509,0.652,-6.539,0.0217,0.0296,65
0.771,0.519,122.99,0.182,-9.219,5.95e-05,0.0334,38
0.727,0.623,125.975,0.4,-5.57,0.184,0.0562,80
0.75,0.783,122.022,0.552,-6.488,0.0334,0.102,52
0.131,0.179,77.623,0.0368,-18.233,0.907,0.0351,22
0.524,0.827,90.053,0.484,-12.934,0.112,0.137,7
0.607,0.681,126.943,0.799,-9.127,0.259,0.03,39
0.606,0.557,104.965,0.187,-6.884,0.418,0.0258,10
0.554,0.624,97.031,0.311,-8.113,0.191,0.0225,65
0.514,0.63,98.557,0.428,-7.979,0.749,0.0285,11
0.532,0.439,129.936,0.437,-5.071,0.618,0.0473,27
0.776,0.662,90.838,0.724,-4.707,0.715,0.0457,77
0.68,0.739,99.988,0.623,-5.46,0.0107,0.0268,60
0.902,0.61,143.042,0.73,-4.328,0.00778,0.0744,19
0.655,0.615,122.002,0.0543,-9.968,0.0924,0.0412,45
0.581,0.657,118.037,0.323,-8.108,0.699,0.0298,73
0.0565,0.297,126.006,0.175,-37.107,0.977,0.0493,0
0.594,0.643,144.033,0.442,-5.453,0.0128,0.0318,64
0.667,0.552,174.889,0.348,-8.024,0.0381,0.333,65
0.504,0.401,98.357,0.285,-8.579,0.0884,0.0252,65
0.955,0.27,160.041,0.113,-3.762,3.3e-05,0.0973,0
0.928,0.481,96.699,0.427,-8.799,0.00022,0.0672,65
0.412,0.32,132.986,0.282,-12.75,0.188,0.0316,58
0.502,0.828,105.953,0.677,-6.053,0.172,0.0445,62
0.0759,0.481,98.979,0.234,-14.2,0.956,0.0601,63
0.514,0.617,81.067,0.365,-7.099,0.0154,0.0722,67
0.698,0.807,126.002,0.421,-12.233,0.00181,0.0578,8
0.52,0.446,146.125,0.958,-13.722,0.82,0.0377,22
0.256,0.671,115.871,0.694,-10.743,0.608,0.0387,70
0.12,0.523,135.216,0.078,-30.758,0.895,0.123,0
0.85,0.477,163.845,0.601,-1.486,0.00108,0.0911,68
0.577,0.359,68.064,0.141,-10.804,0.0589,0.0397,62
0.957,0.483,127.959,0.435,-4.457,0.00236,0.152,0
0.975,0.522,115.998,0.242,-5.895,0.00649,0.0917,64
0.789,0.843,125.071,0.571,-2.801,0.0028,0.247,78
0.54,0.695,121.932,0.415,-5.692,0.299,0.0493,1
0.454,0.476,84.991,0.344,-8.334,0.678,0.0255,49
0.483,0.93,120.022,0.57,-9.925,0.0289,0.0411,62
0.306,0.694,95.989,0.521,-19.315,0.171,0.0353,66
0.474,0.378,102.379,0.38,-8.202,0.28,0.0271,66
0.929,0.333,93.646,0.625,-6.777,0.000847,0.0649,23
0.742,0.939,118.978,0.924,-5.171,0.321,0.0467,81
0.392,0.481,91.796,0.257,-8.2,0.478,0.0246,71
0.368,0.353,181.486,0.425,-10.892,0.604,0.0401,29
0.863,0.496,110.018,0.243,-4.153,0.0046,0.0381,83
0.946,0.613,141.994,0.374,-4.522,0.00391,0.113,58
0.872,0.603,99.757,0.905,-7.628,0.212,0.272,8
0.429,0.5,82.496,0.0817,-12.754,0.457,0.0396,67
0.307,0.211,177.363,0.503,-13.522,0.434,0.033,0
0.505,0.559,139.12,0.776,-9.446,0.737,0.0335,50
0.69,0.637,129.857,0.457,-4.057,0.00786,0.0405,81
0.406,0.572,119.812,0.265,-8.624,0.587,0.0427,76
0.679,0.742,100.041,0.856,-4.594,0.0488,0.0259,67
0.473,0.56,109.414,0.441,-7.23,0.618,0.0533,81
0.877,0.794,101.268,0.771,-3.595,0.262,0.285,22
0.206,0.517,80.401,0.489,-12.233,0.924,0.0421,0
0.914,0.45,174.087,0.424,-0.513,0.0121,0.0376,52
0.83,0.498,89.342,0.453,-5.157,0.00461,0.0421,74
0.571,0.754,122.463,0.82,-8.547,0.0173,0.0421,65
0.353,0.67,121.937,0.204,-14.106,0.725,0.0354,27
0.803,0.718,110.009,0.889,-4.983,0.182,0.0318,62
0.878,0.697,195.905,0.966,-13.094,0.0137,0.108,29
0.995,0.573,80.146,0.52,-1.425,0.175,0.317,25
0.562,0.312,185.718,0.513,-6.495,0.123,0.0298,0
0.902,0.404,115.669,0.497,-3.88,0.577,0.0665,74
0.895,0.792,94.968,0.794,-3.112,0.165,0.0589,79
0.456,0.723,101.139,0.0383,-7.679,0.137,0.0359,71
0.977,0.606,109.41,0.809,-3.642,0.0206,0.06,36
0.928,0.171,118.271,0.0382,-4.014,0.0004,0.113,18
0.934,0.765,132.014,0.762,-8.266,0.111,0.0531,11
0.28,0.65,119.939,0.103,-7.442,0.495,0.0305,0
0.799,0.818,100.014,0.0815,-4.1,0.00107,0.156,71
0.378,0.634,123.949,0.527,-8.367,0.566,0.0295,65
0.174,0.315,169.903,0.338,-11.207,0.859,0.0599,18
0.197,0.541,107.925,0.668,-11.554,0.633,0.0366,40
0.551,0.748,113.535,0.65,-9.054,0.243,0.0239,75
0.946,0.482,135.071,0.284,-3.23,0.00251,0.0852,64
0.465,0.441,123.933,0.173,-8.389,0.343,0.0291,65
0.717,0.638,100.027,0.249,-4.722,0.346,0.0337,74
0.978,0.754,116.169,0.89,-5.989,0.000321,0.0664,0
0.675,0.411,130.134,0.545,-6.251,0.063,0.0591,69
0.426,0.281,177.714,0.181,-9.07,0.593,0.0526,60
0.779,0.65,90.875,0.731,-7.396,0.47,0.423,21
0.329,0.45,71.884,0.266,-12.603,0.818,0.0441,80
0.945,0.481,157.059,0.427,-5.468,0.00264,0.0813,61
0.156,0.574,96.288,0.0677,-17.502,0.00687,0.0361,40
0.576,0.517,131.933,0.228,-5.384,0.532,0.0391,41
0.688,0.617,125.993,0.663,-7.366,0.0337,0.092,35
0.622,0.814,119.976,0.726,-7.573,0.000132,0.0492,73
0.783,0.686,99.978,0.814,-4.977,0.0764,0.119,73
0.813,0.547,149.942,0.388,-6.425,0.0514,0.314,34
0.764,0.679,124.977,0.471,-5.301,0.031,0.0391,0
0.969,0.651,178.121,0.564,-1.696,0.131,0.133,22
0.655,0.63,97.817,0.91,-9.725,0.221,0.0241,62
0.459,0.52,170.154,0.187,-7.017,0.843,0.0295,54
0.554,0.685,132.445,0.668,-9.435,0.00745,0.0651,29
0.852,0.62,93.533,0.68,-6.39,0.38,0.0644,31
0.905,0.6,124.032,0.636,-3.41,0.00274,0.0357,60
0.787,0.654,123.979,0.409,-4.999,0.00515,0.0502,74
0.795,0.646,89.99,0.796,-3.293,0.0319,0.0976,82
0.678,0.658,97.976,0.662,-4.407,0.303,0.058,64
0.528,0.629,93.982,0.397,-11.374,0.791,0.0247,61
0.713,0.678,127.993,0.19,-6.451,0.00136,0.0487,60
0.841,0.754,128.019,0.541,-3.19,0.113,0.135,71
0.661,0.631,139.928,0.838,-10.565,0.607,0.0428,38
0.955,0.469,143.853,0.462,-4.253,0.000343,0.0432,66
0.449,0.678,100.033,0.606,-9.379,0.477,0.0869,66
0.599,0.561,125.874,0.264,-8.209,0.00751,0.0749,0
0.441,0.606,66.443,0.455,-9.303,0.326,0.0272,61
0.547,0.635,146.004,0.348,-8.757,0.249,0.0326,35
0.857,0.637,95.011,0.725,-4.915,0.0551,0.035,25
0.511,0.683,109.991,0.598,-5.598,0.406,0.0279,0
0.758,0.694,192.091,0.371,-2.986,0.278,0.218,74
0.858,0.676,128.011,0.0371,-6.698,0.00148,0.0391,62
0.754,0.746,149.882,0.746,-6.684,0.0152,0.0676,80
0.849,0.579,100.021,0.581,-5.218,0.108,0.0303,71
0.416,0.717,100.026,0.381,-9.875,0.635,0.0303,71
0.428,0.494,87.724,0.44,-7.239,0.236,0.205,83
0.715,0.803,101.085,0.574,-3.28,0.295,0.298,78
0.322,0.372,85.064,0.152,-9.831,0.851,0.0398,71
0.205,0.468,91.562,0.644,-15.969,0.873,0.0277,10
0.79,0.816,131.613,0.885,-6.719,0.0233,0.0327,22
0.458,0.732,98.938,0.661,-7.225,0.447,0.0311,72
0.148,0.83,128.813,0.872,-15.749,0.546,0.679,12
0.73,0.661,95.027,0.53,-6.779,0.0537,0.0574,70
0.978,0.502,138.811,0.603,-3.278,0.000163,0.0649,65
0.419,0.444,126.956,0.302,-8.345,0.189,0.0353,43
0.111,0.448,74.76,0.0755,-20.606,0.991,0.0353,57
0.814,0.658,108.016,0.69,-4.631,0.229,0.0558,67
0.644,0.833,122.099,0.857,-10.592,0.00647,0.16,8
0.719,0.615,129.929,0.423,-3.061,0.304,0.245,43
0.578,0.302,176.005,0.5,-4.132,0.676,0.033,20
0.675,0.627,79.31,0.961,-7.125,0.125,0.213,82
0.728,0.666,122.996,0.51,-5.808,0.00175,0.0419,70
0.806,0.404,148.036,0.112,-4.75,0.198,0.0496,63
0.621,0.473,173.083,0.782,-8.698,0.0253,0.0291,70
0.678,0.561,160.042,0.662,-4.23,0.0996,0.0324,62
0.406,0.576,126.123,0.129,-9.723,0.793,0.0355,65
0.626,0.741,93.995,0.827,-8.036,0.0882,0.0332,42
0.934,0.555,144.874,0.422,-5.04,0.00268,0.113,65
0.87,0.645,119.973,0.79,-3.087,0.00522,0.0465,73
0.968,0.44,173.081,0.092,-4.208,6.56e-05,0.0842,17
0.739,0.751,95.003,0.405,-6.977,0.2,0.045,68
0.48,0.499,99.886,0.577,-6.45,0.619,0.0415,57
0.846,0.285,108.808,0.287,-6.472,0.0404,0.0438,71
0.894,0.725,128.053,0.427,-4.231,0.0132,0.427,62
0.301,0.328,147.398,0.167,-13.283,0.926,0.0366,72
0.969,0.411,102.899,0.46,-1.34,0.115,0.126,22
0.488,0.295,80.625,0.385,-14.032,0.369,0.254,15
0.792,0.647,132.032,0.306,-9.815,0.00536,0.0373,67
0.939,0.465,158.44,0.805,-7.793,0.0384,0.0494,60
0.972,0.585,110.006,0.585,-4.45,0.0143,0.0534,75
0.84,0.589,126.724,0.828,-7.232,0.00235,0.0526,26
0.632,0.604,105.078,0.0964,-5.978,0.000214,0.0435,31
0.686,0.647,79.928,0.268,-5.745,0.08,0.0413,95
0.0987,0.814,109.975,0.872,-22.009,0.702,0.038,66
0.758,0.677,119.999,0.308,-6.523,0.00307,0.027,64
0.779,0.726,109.133,0.841,-7.057,0.0178,0.0251,0
0.738,0.665,125.037,0.0389,-5.931,0.0124,0.0379,79
0.898,0.498,97.952,0.268,-4.135,0.000216,0.0563,60
0.851,0.684,112.662,0.512,-9.792,0.000613,0.0407,69
0.985,0.691,132.997,0.0348,-4.384,0.000685,0.0683,44
0.809,0.619,146.627,0.937,-7.782,0.294,0.029,34
0.561,0.324,205.666,0.891,-7.134,0.628,0.0333,25
0.911,0.481,117.748,0.0936,-10.838,0.782,0.775,20
0.393,0.255,76.426,0.118,-10.654,0.0577,0.0278,82
0.941,0.345,179.626,0.407,-9.918,3.84e-05,0.0466,86
0.703,0.744,125.023,0.819,-8.111,0.0195,0.048,63
0.669,0.484,122.243,0.964,-10.413,0.149,0.0338,22
0.696,0.51,176.568,0.905,-10.83,0.0157,0.0802,69
0.885,0.566,90.99,0.304,-4.528,0.0958,0.0818,87
0.383,0.677,156.984,0.965,-11.793,0.797,0.0988,38
0.43,0.661,113.932,0.327,-13.013,0.848,0.0642,59
0.606,0.43,169.988,0.123,-5.115,0.131,0.0431,75
0.86,0.533,176.84,0.594,-1.86,0.576,0.0521,29
0.737,0.617,120.033,0.522,-5.224,0.0119,0.0321,54
0.738,0.908,95.954,0.79,-4.933,0.143,0.271,61
0.796,0.289,169.835,0.33,-4.22,0.00837,0.0494,73
0.133,0.174,92.279,0.0719,-23.521,0.969,0.0374,24
0.872,0.872,116.948,0.809,-6.328,0.0476,0.139,79
0.748,0.62,125.999,0.417,-5.36,0.0151,0.058,66
0.553,0.271,86.762,0.433,-9.526,0.044,0.0472,63
0.757,0.722,140.094,0.721,-6.207,0.185,0.132,73
0.418,0.625,191.988,0.316,-12.423,0.737,0.5,44
0.364,0.456,73.457,0.116,-9.336,0.533,0.0252,65
0.362,0.745,93.008,0.525,-7.323,0.364,0.0368,12
0.706,0.556,80.008,0.726,-5.709,0.335,0.0336,61
0.927,0.345,171.915,0.333,-6.947,0.0257,0.0816,34
0.264,0.456,147.927,0.0773,-11.432,0.916,0.0297,34
0.272,0.558,103.74,0.386,-11.893,0.882,0.0481,43
0.851,0.568,127.042,0.357,-4.752,0.000854,0.0328,18
0.631,0.797,139.006,0.732,-12.201,0.0184,0.0748,18
0.619,0.604,88.668,0.562,-13.426,0.682,0.962,25
0.519,0.562,122.925,0.415,-8.744,0.557,0.0326,73
0.729,0.53,119.981,0.261,-6.393,0.00275,0.0338,62
0.813,0.569,102.705,0.452,-7.93,0.000825,0.0371,35
0.692,0.622,112.053,0.774,-6.97,0.363,0.0276,71
0.929,0.411,126.017,0.312,-2.393,0.00045,0.0558,63
0.459,0.876,124.999,0.137,-11.52,0.0146,0.0756,53
0.708,0.926,128.08,0.956,-9.785,0.0016,0.0429,14
0.854,0.687,103.967,0.962,-4.324,0.128,0.0295,44
0.213,0.94,133.095,0.832,-10.181,0.418,0.0855,62
0.968,0.501,149.989,0.392,-5.324,0.000114,0.12,62
0.761,0.586,146.028,0.508,-6.794,0.488,0.0527,53
0.339,0.793,125.993,0.266,-14.317,0.166,0.0555,60
0.672,0.494,156.208,0.557,-4.877,0.0273,0.0405,70
0.833,0.747,128.008,0.687,-2.867,0.374,0.045,64
0.201,0.478,136.47,0.857,-16.79,0.919,0.0332,0
0.404,0.489,129.992,0.311,-12.445,0.101,0.0332,51
0.841,0.578,179.896,0.67,-6.214,0.298,0.0533,37
0.692,0.584,120.016,0.379,-5.992,0.0762,0.0313,35
0.31,0.39,177.515,0.584,-14.545,0.794,0.0676,64
0.668,0.774,140.099,0.507,-6.79,0.137,0.316,61
0.15,0.534,84.359,0.53,-14.58,0.984,0.0422,24
0.808,0.72,126.041,0.869,-5.627,0.00793,0.0379,78
0.62,0.606,88.984,0.543,-5.005,0.0301,0.0298,76
0.131,0.567,104.784,0.0657,-14.124,0.888,0.029,69
0.721,0.521,97.578,0.611,-7.699,0.00348,0.0254,66
0.897,0.366,157.914,0.174,-4.381,6e-05,0.07,31
0.988,0.486,116.21,0.475,-4.984,4.94e-06,0.0973,12
0.824,0.5,120.125,0.539,-5.846,0.00016,0.0388,79
0.56,0.403,155.701,0.168,-7.46,0.354,0.0362,53
0.00391,0.201,67.56,0.031,-34.832,0.937,0.0558,64
0.356,0.729,95.026,0.392,-13.743,0.0916,0.0347,61
0.882,0.759,172.065,0.966,-6.331,0.559,0.0503,43
0.738,0.75,113.534,0.679,-10.116,0.307,0.277,38
0.828,0.35,105.435,0.147,-5.373,0.000217,0.041,77
0.689,0.743,104.936,0.504,-2.846,0.0198,0.0289,68
0.904,0.65,93.877,0.893,-5.111,0.0138,0.0389,37
0.788,0.688,101.006,0.774,-3.064,0.0164,0.0436,0
0.773,0.573,134.977,0.541,-4.629,0.00158,0.0442,62
0.548,0.915,134.878,0.538,-7.15,0.0048,0.326,18
0.997,0.293,100.348,0.13,-4.364,0.000463,0.217,66
0.724,0.828,96.058,0.896,-3.555,0.0424,0.0715,64
0.74,0.725,92.978,0.827,-5.08,0.00156,0.0323,63
0.947,0.325,87.406,0.352,-5.102,0.00143,0.107,62
0.212,0.584,140.083,0.665,-12.613,0.953,0.0445,0
0.793,0.618,101.015,0.459,-5.711,0.204,0.0601,73
0.547,0.629,108.375,0.197,-13.123,0.72,0.055,90
0.808,0.51,119.991,0.396,-5.694,1.7e-05,0.0413,55
0.32,0.717,107.946,0.322,-8.393,0.83,0.0283,67
0.752,0.682,81.081,0.964,-9.521,0.476,0.0454,60
0.857,0.641,122.728,0.961,-5.725,0.013,0.301,69
0.479,0.885,122.955,0.869,-11.416,0.0385,0.069,0
0.966,0.439,166.976,0.607,-2.641,0.00815,0.0693,30
0.689,0.608,80.009,0.523,-4.846,0.175,0.0299,38
0.583,0.539,86.063,0.337,-4.935,0.108,0.0275,73
0.835,0.743,120.019,0.955,-4.655,0.25,0.029,71
0.869,0.695,124.989,0.58,-5.066,0.41,0.0483,71
0.598,0.805,134.963,0.435,-6.027,0.101,0.0345,46
0.966,0.447,178.105,0.533,-2.966,0.00349,0.089,67
0.492,0.78,143.983,0.374,-3.4,0.0643,0.0671,72
0.86,0.624,100.897,0.816,-3.012,0.0704,0.124,68
0.562,0.922,109.949,0.749,-6.851,0.762,0.0397,26
0.0274,0.571,124.209,0.087,-20.274,0.948,0.0649,71
0.652,0.787,114.899,0.628,-7.862,0.303,0.0719,30
0.927,0.474,174.033,0.215,-3.077,0.000438,0.075,16
0.741,0.72,119.896,0.357,-6.529,0.101,0.0287,78
0.471,0.562,77.544,0.426,-8.23,0.517,0.0378,31
0.741,0.445,96.09,0.512,-5.065,0.438,0.0467,44
0.966,0.491,105.544,0.614,-4.28,5.59e-05,0.0538,72
0.755,0.604,137.064,0.387,-10.761,0.000298,0.0337,69
0.741,0.576,124.091,0.143,-7.404,0.00831,0.0356,80
0.739,0.83,97.993,0.631,-5.395,0.136,0.0627,1
0.786,0.482,126.755,0.793,-5.735,0.00321,0.032,76
0.684,0.704,145.018,0.695,-7.05,0.161,0.0602,62
0.613,0.649,121.437,0.679,-6.698,0.423,0.0321,0
0.812,0.512,100.02,0.521,-4.809,0.0534,0.0617,68
0.573,0.218,138.447,0.125,-6.748,0.0102,0.0346,44
0.569,0.568,72.991,0.266,-6.013,0.0004,0.0329,71
0.375,0.462,145.35,0.612,-13.184,0.642,0.0309,65
0.977,0.541,134.938,0.263,-2.828,0.00321,0.157,74
0.973,0.412,103.237,0.0379,-6.464,0.889,0.868,21
0.886,0.349,145.0,0.0808,-13.266,3.3e-06,0.0526,18
0.705,0.664,122.016,0.477,-4.972,0.0654,0.0382,83
0.394,0.764,105.909,0.351,-11.483,0.332,0.175,51
0.732,0.69,107.977,0.636,-5.352,0.0604,0.0497,73
0.114,0.221,84.387,0.0365,-18.403,0.596,0.0329,21
0.654,0.548,85.023,0.317,-4.599,0.113,0.0313,63
0.5,0.675,93.917,0.773,-5.825,0.3,0.0258,61
0.939,0.346,183.147,0.526,-3.061,0.000231,0.182,75
0.684,0.602,133.0,0.961,-8.021,0.103,0.029,60
0.726,0.674,150.299,0.273,-1.539,0.0801,0.041,49
0.86,0.737,93.989,0.656,-2.652,0.11,0.0593,79
0.715,0.33,175.121,0.163,-4.139,0.624,0.234,25
0.931,0.588,105.027,0.625,-3.925,0.00411,0.0318,1
0.935,0.584,107.967,0.772,-4.701,0.0351,0.0489,40
0.468,0.894,89.908,0.704,-8.017,0.0583,0.113,51
0.738,0.494,132.496,0.735,-8.347,0.00394,0.0345,0
0.867,0.573,105.018,0.0624,-5.427,0.0013,0.0465,28
0.769,0.486,131.286,0.393,-5.14,0.0119,0.0341,71
0.515,0.32,78.021,0.568,-8.018,0.373,0.0412,0
0.446,0.788,80.009,0.545,-9.812,0.545,0.0693,67
0.897,0.555,97.851,0.473,-6.147,0.00377,0.0645,0
0.33,0.502,142.278,0.923,-15.249,0.988,0.0491,26
0.582,0.63,88.823,0.94,-14.095,0.495,0.0811,39
0.298,0.462,125.773,0.553,-10.235,0.741,0.0386,1
0.219,0.361,98.532,0.26,-16.553,0.563,0.0285,61
0.752,0.743,110.015,0.545,-4.813,0.0188,0.0414,84
0.944,0.394,105.338,0.265,-6.506,0.00178,0.0761,76
0.369,0.585,134.058,0.182,-12.23,0.663,0.0278,52
0.758,0.575,144.107,0.493,-5.029,0.0954,0.0618,65
0.487,0.524,117.108,0.482,-7.525,0.253,0.0299,0
0.728,0.592,113.17,0.577,-6.098,0.00148,0.311,76
0.786,0.806,91.973,0.58,-3.831,0.145,0.0741,82
0.748,0.631,115.665,0.351,-2.569,0.212,0.0488,67
0.251,0.538,83.972,0.202,-13.494,0.79,0.027,51
0.721,0.572,164.252,0.844,-8.959,0.187,0.0402,70
0.847,0.548,171.447,0.1,-3.237,0.0622,0.186,86
0.785,0.733,102.987,0.796,-7.496,0.0934,0.0416,65
0.817,0.675,105.964,0.446,-3.789,0.00711,0.0497,72
0.909,0.685,95.004,0.922,-4.034,0.0471,0.0396,79
0.845,0.6,97.631,0.392,-7.076,0.048,0.0311,62
0.402,0.535,142.847,0.0862,-10.884,0.000748,0.031,66
0.532,0.586,99.994,0.494,-8.837,0.779,0.0328,71
0.618,0.571,156.892,0.852,-5.682,0.18,0.0371,62
0.388,0.469,120.109,0.136,-14.161,0.846,0.03,0
0.995,0.638,100.053,0.604,-0.587,0.214,0.264,36
0.397,0.363,81.192,0.23,-10.053,0.585,0.0398,46
0.928,0.386,176.004,0.922,-3.774,0.0165,0.0741,54
0.944,0.269,143.908,0.139,-6.126,0.00209,0.259,31
0.254,0.481,105.418,0.138,-10.642,0.756,0.0307,33
0.474,0.555,134.89,0.262,-11.706,0.224,0.0668,70
0.19,0.287,83.685,0.133,-12.03,0.93,0.037,22
0.392,0.439,94.393,0.389,-8.085,0.57,0.0305,26
0.896,0.647,118.729,0.953,-5.949,0.0709,0.0509,66
0.9,0.466,130.02,0.561,-4.469,0.000235,0.0447,88
0.854,0.468,155.867,0.277,-3.932,0.176,0.059,67
0.923,0.762,121.081,0.936,-3.107,0.103,0.189,0
0.541,0.677,103.369,0.379,-6.057,0.48,0.0571,71
0.522,0.527,132.066,0.272,-9.29,0.775,0.0314,64
0.766,0.796,121.008,0.846,-4.237,0.18,0.0422,81
0.185,0.494,123.97,0.272,-10.275,0.829,0.0305,55
0.777,0.599,132.252,0.401,-6.037,0.0355,0.0922,66
0.273,0.349,204.922,0.493,-11.443,0.95,0.0325,52
0.977,0.513,92.534,0.437,-4.288,0.000269,0.0541,45
0.92,0.597,101.975,0.135,-4.524,0.000247,0.0553,42
0.796,0.845,126.04,0.315,-3.933,0.0549,0.0771,26
0.0347,0.0942,172.772,0.0724,-19.716,0.987,0.0475,0
0.626,0.899,88.007,0.873,-4.228,0.076,0.292,65
0.519,0.562,122.925,0.415,-8.744,0.557,0.0326,73
0.399,0.536,81.371,0.476,-7.579,0.307,0.0319,0
0.793,0.442,80.985,0.437,-5.152,0.0456,0.0347,60
0.191,0.349,140.422,0.0414,-16.111,0.992,0.0463,60
0.816,0.777,139.68,0.667,-3.884,0.349,0.275,56
0.816,0.812,125.001,0.211,-5.584,0.00304,0.0432,66
0.784,0.595,124.111,0.479,-4.878,0.216,0.102,79
0.994,0.43,181.291,0.177,-4.033,0.000126,0.105,19
0.0619,0.225,57.762,0.0988,-14.858,0.847,0.0329,50
0.327,0.674,108.995,0.494,-16.986,0.613,0.0574,62
0.451,0.403,73.99,0.274,-4.994,0.195,0.0288,31
0.447,0.464,109.081,0.466,-6.15,0.464,0.0266,27
0.111,0.506,135.984,0.275,-19.637,0.992,0.0407,20
0.943,0.641,171.811,0.718,-6.254,0.0351,0.264,66
0.528,0.678,79.018,0.614,-7.317,0.289,0.0551,0
0.54,0.814,160.039,0.476,-9.66,0.617,0.321,64
0.948,0.502,139.979,0.102,-3.717,0.0101,0.12,60
0.938,0.53,160.041,0.703,-6.424,0.00029,0.068,49
0.48,0.855,97.793,0.798,-8.902,0.254,0.0588,65
0.346,0.38,117.916,0.358,-14.313,0.648,0.0417,0
0.75,0.673,105.848,0.708,-5.831,0.0155,0.0655,73
0.817,0.77,139.979,0.866,-4.092,0.0265,0.0339,60
0.827,0.438,143.377,0.645,-6.531,0.0512,0.0328,65
0.28,0.85,82.872,0.28,-8.77,0.0931,0.23,63
0.272,0.432,83.079,0.333,-11.047,0.924,0.0301,19
0.148,0.603,95.451,0.228,-10.449,0.927,0.0279,74
0.396,0.568,136.489,0.578,-13.921,0.738,0.029,1
0.905,0.217,96.95,0.236,-4.103,0.000289,0.0752,79
0.672,0.328,150.43,0.0864,-3.15,0.618,0.0457,38
0.658,0.276,172.326,0.16,-5.418,0.0836,0.0329,60
0.391,0.737,93.936,0.836,-7.934,0.807,0.068,49
0.423,0.659,112.223,0.0364,-8.433,0.0144,0.0379,63
0.73,0.572,129.706,0.815,-12.687,8.14e-05,0.0392,19
0.939,0.582,136.871,0.594,-4.868,0.0069,0.0781,0
0.485,0.677,82.001,0.493,-5.795,0.529,0.0361,88
0.69,0.544,123.962,0.219,-5.723,0.012,0.0425,70
0.967,0.852,124.024,0.891,-1.661,0.395,0.0722,54
0.943,0.616,130.005,0.352,-7.789,1.82e-05,0.0371,10
0.951,0.593,102.04,0.64,-1.335,0.0142,0.0697,61
0.817,0.626,128.005,0.655,-4.735,0.0369,0.0504,33
0.881,0.551,88.036,0.387,-6.099,0.186,0.0542,83
0.804,0.756,84.953,0.849,-4.101,0.289,0.0671,24
0.725,0.711,105.016,0.53,-8.315,0.424,0.0941,63
0.177,0.483,74.994,0.192,-17.629,0.284,0.0277,56
0.828,0.637,159.795,0.801,-4.478,0.174,0.239,55
0.454,0.584,114.82,0.809,-10.358,0.404,0.0277,10
0.474,0.739,96.03,0.513,-5.803,0.0584,0.0915,63
0.468,0.589,167.589,0.443,-7.58,0.741,0.0519,0
0.244,0.774,103.464,0.421,-9.748,0.72,0.0299,65
0.398,0.792,102.386,0.583,-12.255,0.00184,0.0617,18
0.273,0.702,132.054,0.313,-17.0,0.858,0.0324,10
0.205,0.651,110.016,0.123,-10.572,0.719,0.0465,62
0.786,0.804,91.992,0.575,-3.837,0.144,0.0735,0
0.672,0.797,131.978,0.561,-6.135,0.0442,0.0477,1
0.357,0.334,149.913,0.585,-10.103,0.984,0.0305,0
0.568,0.582,121.991,0.394,-7.3,0.577,0.0275,84
0.448,0.933,99.968,0.774,-8.391,0.239,0.347,52
0.54,0.54,74.969,0.372,-6.368,0.241,0.029,71
0.523,0.625,142.099,0.881,-9.239,0.137,0.83,35
0.718,0.584,99.841,0.155,-7.824,0.0205,0.126,69
0.378,0.333,169.993,0.0689,-16.326,0.514,0.0541,17
0.386,0.632,92.306,0.724,-17.669,0.372,0.164,0
0.298,0.6,76.93,0.425,-9.803,0.569,0.026,21
0.797,0.685,98.612,0.926,-5.372,0.506,0.0558,0
0.247,0.533,72.326,0.35,-14.965,0.829,0.0301,39
0.488,0.51,125.683,0.649,-10.304,0.256,0.0304,70
0.755,0.505,157.993,0.532,-7.568,0.00076,0.0315,51
0.783,0.651,119.995,0.311,-6.162,0.045,0.0501,63
0.71,0.733,127.975,0.965,-5.849,0.145,0.0292,84
0.956,0.308,119.996,0.115,-5.15,7.61e-05,0.148,22
0.401,0.634,139.813,0.321,-10.877,0.0707,0.0273,44
0.86,0.227,67.323,0.0394,-8.939,0.402,0.22,8
0.77,0.736,135.018,0.837,-6.477,0.109,0.0335,72
0.725,0.407,196.093,0.247,-5.346,0.0141,0.188,70
0.539,0.817,97.062,0.158,-6.349,0.0141,0.0621,79
0.853,0.841,103.607,0.964,-2.131,0.424,0.0518,0
0.0322,0.517,109.704,0.358,-25.049,0.989,0.0401,21
0.797,0.518,132.918,0.293,-5.153,0.000681,0.0309,73
0.748,0.742,119.988,0.919,-6.434,0.104,0.0339,20
0.836,0.682,82.53,0.224,-3.259,0.141,0.354,67
0.637,0.536,115.24,0.798,-7.774,0.467,0.0343,62
0.282,0.656,163.896,0.429,-8.203,0.936,0.0327,47
0.679,0.538,121.99,0.0888,-4.297,0.191,0.0333,71
0.26,0.475,137.212,0.339,-15.997,0.796,0.0322,70
0.717,0.792,121.985,0.466,-4.759,0.0927,0.0393,77
0.677,0.386,126.602,0.195,-5.83,0.00841,0.0346,72
0.631,0.743,110.034,0.686,-7.35,0.29,0.026,19
0.616,0.586,148.088,0.719,-7.964,0.182,0.0324,84
0.795,0.736,104.066,0.511,-3.299,0.498,0.0545,72
0.911,0.776,101.027,0.56,-3.08,0.155,0.131,70
0.773,0.592,121.097,0.729,-7.093,0.223,0.0281,26
0.674,0.509,75.066,0.159,-7.379,0.253,0.0383,44
0.852,0.525,157.404,0.884,-9.519,0.731,0.222,70
0.717,0.837,94.984,0.494,-7.749,0.0842,0.0822,82
0.965,0.39,195.957,0.762,-2.713,0.0004,0.0621,21
0.935,0.364,92.717,0.478,-6.548,8.58e-06,0.0724,65
0.475,0.801,98.047,0.234,-8.797,0.141,0.0516,96
0.603,0.564,134.191,0.394,-4.729,0.657,0.0257,47
0.372,0.632,81.012,0.278,-12.723,0.53,0.0403,63
0.544,0.665,99.662,0.711,-7.188,0.552,0.0267,21
0.537,0.62,92.998,0.41,-6.462,0.163,0.0263,60
0.854,0.658,119.562,0.516,-6.796,0.467,0.0323,41
0.696,0.776,100.077,0.849,-5.373,0.203,0.0733,61
0.593,0.804,114.04,0.473,-10.459,0.171,0.045,68
0.895,0.69,154.928,0.835,-7.328,0.68,0.17,62
0.373,0.667,124.148,0.0823,-9.389,0.785,0.05,84
0.597,0.872,156.146,0.687,-8.345,0.0509,0.477,38
0.597,0.489,95.012,0.324,-6.633,0.27,0.0292,79
0.882,0.442,174.077,0.443,-7.551,3.26e-05,0.0536,63
0.572,0.629,93.997,0.182,-9.332,0.32,0.0307,67
0.123,0.644,117.983,0.54,-20.926,0.99,0.0605,21
0.00502,0.262,67.042,0.0509,-28.14,0.985,0.0348,52
0.727,0.53,76.943,0.385,-5.179,0.0387,0.0441,60
0.788,0.81,135.991,0.845,-3.663,0.267,0.0447,68
0.746,0.573,171.949,0.807,-5.699,0.45,0.0705,61
0.891,0.625,168.451,0.805,-9.239,0.0175,0.0483,40
0.62,0.863,103.971,0.432,-7.167,0.0508,0.135,83
0.473,0.543,86.534,0.519,-9.638,0.124,0.157,69
0.714,0.658,117.283,0.806,-9.247,0.0294,0.0519,64
0.79,0.748,77.495,0.279,-4.788,0.492,0.169,60
0.804,0.701,159.979,0.963,-5.743,0.71,0.0379,62
0.907,0.597,121.935,0.798,-6.034,0.456,0.312,20
0.932,0.492,92.497,0.33,-4.689,0.000572,0.052,62
0.642,0.602,175.978,0.54,-5.404,0.0131,0.211,76
0.0511,0.282,70.14,0.0983,-23.826,0.988,0.0388,6
0.936,0.468,75.05,0.663,-3.683,0.00568,0.0455,73
0.865,0.821,115.055,0.524,-3.563,0.31,0.192,63
0.791,0.689,125.012,0.543,-6.633,0.0595,0.0478,61
0.915,0.674,126.038,0.78,-3.999,0.0282,0.0411,68
0.169,0.361,109.309,0.198,-13.005,0.989,0.0344,5
0.216,0.325,99.635,0.109,-17.214,0.977,0.0352,57
0.682,0.581,99.982,0.477,-5.888,0.0637,0.0292,19
0.847,0.584,170.983,0.371,-5.106,0.00105,0.0933,66
0.519,0.653,98.883,0.822,-10.164,0.406,0.0497,78
0.728,0.277,173.706,0.326,-5.426,0.0237,0.0629,33
0.529,0.699,119.987,0.121,-7.548,0.0317,0.0487,78
0.517,0.747,113.879,0.933,-15.464,0.553,0.0425,36
0.445,0.787,91.981,0.904,-8.575,0.0112,0.212,3
0.739,0.587,100.005,0.549,-5.762,0.0539,0.0365,57
0.888,0.415,174.986,0.146,-2.544,0.0051,0.0685,20
0.682,0.786,125.008,0.145,-7.412,0.0106,0.0739,0
0.946,0.433,95.169,0.578,-5.138,0.00264,0.0398,67
0.366,0.566,129.96,0.237,-12.808,0.113,0.028,80
0.93,0.398,190.818,0.725,-6.76,0.000854,0.0615,72
0.607,0.802,96.916,0.274,-11.028,0.205,0.289,68
0.463,0.732,95.971,0.397,-6.972,0.374,0.0287,80
0.072,0.364,74.153,0.106,-16.448,0.969,0.0426,38
0.727,0.643,165.873,0.406,-5.23,0.102,0.124,37
0.912,0.514,153.387,0.734,-3.878,0.364,0.034,25
0.521,0.69,100.028,0.494,-8.492,0.324,0.339,88
0.867,0.589,94.52,0.795,-4.523,0.041,0.0385,60
0.974,0.361,140.055,0.0524,-5.733,1.04e-06,0.122,19
0.573,0.684,107.363,0.716,-12.3,0.318,0.0261,72
0.837,0.573,101.59,0.796,-8.352,0.0144,0.0337,64
0.822,0.421,171.935,0.751,-4.415,0.0132,0.0542,56
0.6,0.874,100.012,0.457,-6.064,0.00942,0.158,78
0.586,0.58,147.988,0.507,-6.883,0.344,0.0357,74
0.405,0.636,128.068,0.257,-11.113,0.355,0.0287,69
0.366,0.67,63.116,0.649,-12.021,0.415,0.229,64
0.971,0.769,118.135,0.969,-3.78,0.0173,0.0432,64
0.456,0.465,138.78,0.293,-6.603,0.554,0.0282,56
0.778,0.828,79.531,0.888,-4.905,0.13,0.0681,43
0.926,0.769,100.034,0.551,-1.627,0.0127,0.0788,68
0.502,0.379,124.995,0.0373,-10.84,0.158,0.0528,57
0.936,0.389,175.954,0.518,-3.86,0.0055,0.0569,41
0.818,0.529,148.173,0.684,-6.622,6.5e-05,0.04,0
0.782,0.676,125.057,0.519,-6.639,0.0147,0.0344,61
0.842,0.416,128.176,0.842,-4.398,0.000452,0.0381,25
0.619,0.679,124.944,0.497,-4.983,0.213,0.0528,60
0.771,0.802,91.993,0.794,-3.058,0.00799,0.0675,51
0.857,0.623,128.715,0.897,-10.752,0.0967,0.0358,10
0.91,0.223,171.75,0.364,-7.097,0.0116,0.08,2
0.434,0.508,126.417,0.471,-10.807,0.789,0.0309,45
0.332,0.379,151.274,0.0902,-6.982,0.888,0.0333,28
0.592,0.658,98.003,0.102,-9.429,0.132,0.0309,49
0.777,0.787,128.007,0.711,-4.744,0.000478,0.0445,14
0.538,0.558,99.992,0.254,-8.853,0.629,0.0327,61
0.866,0.526,140.266,0.248,-5.822,0.00287,0.0568,88
0.651,0.444,171.9,0.381,-6.048,0.208,0.029,30
0.309,0.778,80.115,0.556,-16.688,0.915,0.324,63
0.525,0.616,79.976,0.427,-7.065,0.401,0.0258,70
0.918,0.457,154.963,0.392,-4.51,0.000696,0.203,55
0.667,0.786,102.046,0.688,-8.272,0.0112,0.054,68
0.348,0.386,84.376,0.265,-12.239,0.626,0.0291,49
0.324,0.292,176.631,0.384,-11.996,0.797,0.0346,73
0.717,0.441,139.987,0.233,-3.979,0.159,0.0359,62
0.749,0.147,169.603,0.282,-11.378,0.0419,0.134,0
0.624,0.62,88.219,0.711,-10.496,0.885,0.0753,39
0.541,0.86,114.984,0.952,-6.51,0.165,0.0325,63
0.644,0.595,107.107,0.224,-7.46,0.14,0.307,0
0.92,0.565,103.048,0.153,-5.635,0.194,0.0438,43
0.659,0.383,140.795,0.327,-5.558,0.117,0.0312,76
0.876,0.436,157.044,0.512,-4.902,3.33e-05,0.0647,67
0.573,0.728,139.947,0.315,-8.388,0.00716,0.0347,58
0.829,0.694,80.018,0.699,-7.738,0.52,0.124,53
0.855,0.532,136.902,0.534,-3.014,0.259,0.301,46
0.768,0.579,126.153,0.302,-5.552,0.0996,0.0508,31
0.831,0.781,139.98,0.661,-6.061,0.0596,0.111,53
0.875,0.575,149.981,0.537,-4.834,0.00689,0.0486,24
0.398,0.845,109.996,0.482,-15.781,0.872,0.268,79
0.325,0.311,65.09,0.668,-9.042,0.0469,0.0283,68
0.2,0.343,133.054,0.074,-13.569,0.134,0.0324,0
0.514,0.707,86.035,0.524,-8.885,0.58,0.0281,68
0.963,0.521,187.984,0.133,-5.179,0.334,0.233,37
0.785,0.687,106.046,0.655,-4.65,0.327,0.0333,71
0.264,0.314,92.669,0.454,-15.305,0.698,0.0417,22
0.817,0.903,102.014,0.732,-3.972,0.0272,0.095,77
0.694,0.895,93.944,0.632,-4.384,0.176,0.275,72
0.901,0.658,93.979,0.708,-2.814,0.0478,0.0357,69
0.63,0.417,94.214,0.341,-7.24,0.0209,0.0898,67
0.887,0.531,104.055,0.626,-4.417,0.00261,0.0329,67
0.894,0.652,132.03,0.76,-5.145,0.00404,0.0409,70
0.315,0.538,91.921,0.4,-10.057,0.96,0.0291,67
0.678,0.688,120.058,0.909,-3.903,0.0359,0.0348,66
0.168,0.25,107.269,0.141,-16.789,0.822,0.0329,0
0.609,0.682,169.981,0.971,-7.704,0.684,0.0498,46
0.724,0.489,117.292,0.15,-8.367,0.313,0.0352,76
0.921,0.448,140.067,0.375,-3.468,0.00124,0.0687,70
0.333,0.689,115.835,0.471,-12.134,0.817,0.0307,70
0.839,0.59,97.195,0.636,-8.196,0.383,0.0624,36
0.733,0.656,149.998,0.274,-6.127,0.000616,0.0431,20
0.958,0.412,164.072,0.341,-5.432,0.000225,0.0997,66
0.933,0.632,131.487,0.968,-7.874,0.236,0.0326,65
0.796,0.54,78.99,0.636,-7.538,0.371,0.0521,74
0.194,0.664,129.863,0.443,-15.487,0.909,0.0357,68
0.935,0.433,163.057,0.436,-6.704,8.2e-06,0.0577,54
0.632,0.382,78.936,0.716,-6.393,0.391,0.0411,72
0.698,0.628,89.976,0.732,-5.608,0.0472,0.105,78
0.976,0.477,133.104,0.453,-6.107,0.00225,0.0841,38
0.314,0.489,124.234,0.607,-9.245,0.749,0.0331,52
0.769,0.748,97.548,0.861,-8.616,0.1,0.121,20
0.867,0.738,160.066,0.366,-5.249,0.0109,0.227,51
0.743,0.529,116.817,0.78,-5.523,0.177,0.0481,67
0.88,0.644,75.021,0.415,0.91,0.0225,0.274,51
0.855,0.582,138.004,0.651,-4.123,0.042,0.0368,36
0.812,0.602,128.921,0.832,-8.006,0.27,0.293,40
0.959,0.468,134.728,0.929,-3.397,0.00268,0.0607,27
0.826,0.771,100.012,0.185,-3.978,0.142,0.0604,70
0.124,0.225,132.853,0.0479,-26.385,0.965,0.0544,54
0.813,0.715,174.954,0.669,-4.247,0.504,0.0431,28
0.575,0.837,105.015,0.655,-7.971,0.0361,0.127,67
0.451,0.636,107.542,0.223,-10.595,0.751,0.031,48
0.536,0.464,140.024,0.0437,-11.122,0.311,0.127,35
0.231,0.458,84.997,0.104,-18.767,0.875,0.0293,42
0.938,0.554,96.5,0.4,-4.901,0.000176,0.0532,56
0.67,0.575,139.191,0.74,-10.39,0.343,0.0318,77
0.861,0.73,117.965,0.704,-4.1,0.39,0.0451,76
0.276,0.354,94.46,0.187,-17.697,0.86,0.0457,14
0.739,0.873,140.011,0.379,-4.376,0.00192,0.434,24
0.554,0.761,92.52,0.555,-8.119,0.193,0.0854,72
0.628,0.455,160.0,0.402,-6.253,0.31,0.0272,0
0.451,0.6,78.023,0.223,-10.246,0.133,0.0344,63
0.897,0.596,177.986,0.819,-4.607,0.22,0.0808,28
0.28,0.85,82.872,0.28,-8.77,0.0931,0.23,63
0.012,0.208,175.159,0.0391,-29.933,0.987,0.0422,61
0.146,0.341,79.824,0.343,-21.088,0.994,0.0324,0
0.828,0.813,130.271,0.571,-10.84,0.261,0.0488,10
0.977,0.303,87.423,0.106,-5.745,9.26e-05,0.104,13
0.642,0.463,83.389,0.339,-4.474,0.314,0.34,89
0.824,0.314,174.013,0.109,-2.696,0.0011,0.0539,21
0.639,0.697,108.0,0.0407,-9.33,0.228,0.0451,15
0.993,0.444,99.994,0.0921,-0.882,0.0186,0.122,0
0.597,0.731,101.991,0.863,-7.661,0.338,0.0567,67
0.709,0.353,135.092,0.0677,-8.389,4.68e-05,0.0458,19
0.922,0.374,153.217,0.393,-3.4,0.0135,0.056,64
0.579,0.553,151.285,0.911,-8.31,0.536,0.0302,22
0.252,0.546,122.49,0.519,-10.296,0.928,0.0756,29
0.943,0.641,171.811,0.718,-6.254,0.0351,0.264,66
0.371,0.552,81.548,0.587,-9.426,0.587,0.227,62
0.939,0.732,132.148,0.96,-5.039,0.487,0.0285,43
0.939,0.457,136.064,0.467,-4.557,0.00391,0.0835,62
0.653,0.697,99.982,0.627,-7.284,0.166,0.102,61
0.919,0.706,101.94,0.701,-5.21,0.223,0.174,60
0.828,0.666,97.992,0.69,-5.896,0.0463,0.0564,55
0.942,0.511,97.909,0.498,-10.407,0.174,0.0429,72
0.488,0.606,81.019,0.468,-7.339,0.597,0.0255,43
0.337,0.586,119.863,0.342,-13.785,0.794,0.133,68
0.723,0.647,105.001,0.443,-6.214,0.00503,0.0491,80
0.203,0.784,126.993,0.692,-8.796,0.803,0.0449,47
0.56,0.647,120.418,0.913,-8.809,0.723,0.0387,60
0.57,0.773,95.038,0.772,-3.482,0.372,0.113,70
0.508,0.539,101.358,0.227,-6.05,0.727,0.0288,89
0.945,0.61,140.015,0.729,-2.904,0.084,0.0596,44
0.964,0.516,181.061,0.195,-4.21,0.00109,0.0736,41
0.121,0.444,127.897,0.175,-22.522,0.988,0.039,64
0.391,0.856,96.361,0.761,-9.553,0.809,0.314,40
0.344,0.751,122.1,0.471,-7.712,0.528,0.0379,60
0.684,0.724,105.0,0.163,-5.129,0.00134,0.0342,70
0.919,0.784,162.072,0.947,-5.147,0.124,0.057,43
0.924,0.707,127.937,0.919,-2.842,0.000972,0.031,80
0.34,0.323,135.842,0.0983,-11.013,0.477,0.0308,46
0.797,0.518,132.918,0.293,-5.153,0.000681,0.0309,73
0.873,0.853,122.163,0.801,-7.559,0.0432,0.0752,40
0.874,0.487,113.815,0.965,-11.838,4.17e-06,0.0322,20
0.727,0.668,139.991,0.939,-6.55,0.514,0.027,78
0.556,0.586,167.018,0.517,-7.639,0.00655,0.0592,0
0.797,0.84,145.085,0.976,-5.566,0.381,0.0391,26
0.318,0.895,122.0,0.0785,-7.992,0.00298,0.0892,35
0.743,0.596,125.883,0.531,-4.149,0.0696,0.0302,69
0.687,0.523,90.036,0.711,-5.601,0.0215,0.105,63
0.812,0.687,123.009,0.48,-4.389,0.119,0.0467,24
0.988,0.429,175.019,0.312,-5.241,0.00747,0.14,56
0.819,0.678,90.004,0.499,-3.306,0.191,0.0313,59
0.787,0.399,117.089,0.572,-2.88,0.0197,0.0499,80
0.783,0.385,176.701,0.902,-2.533,0.000269,0.233,73
0.615,0.517,100.016,0.756,-10.977,0.842,0.0581,31
0.774,0.509,116.529,0.0824,-4.054,0.00189,0.0338,65
0.727,0.678,133.481,0.71,-7.844,0.117,0.0258,74
0.644,0.202,85.04,0.252,-5.212,0.0979,0.0324,68
0.197,0.581,130.367,0.349,-7.697,0.88,0.0329,70
0.306,0.316,85.255,0.284,-13.322,0.676,0.0411,60
0.76,0.45,117.721,0.629,-7.012,0.0178,0.0399,23
0.814,0.923,109.028,0.698,-5.1,0.237,0.351,43
0.878,0.736,100.024,0.662,-3.604,0.0682,0.0428,0
0.953,0.509,125.015,0.406,-4.954,0.0159,0.0414,67
0.714,0.616,176.192,0.695,-3.965,0.243,0.311,48
0.711,0.764,91.938,0.798,-4.017,0.112,0.112,72
0.658,0.873,104.033,0.483,-8.031,0.00858,0.108,0
0.545,0.554,93.491,0.726,-11.22,0.742,0.028,27
0.627,0.569,168.056,0.912,-9.495,0.751,0.056,25
0.763,0.754,117.953,0.464,-4.627,0.0301,0.0435,0
0.798,0.32,84.696,0.74,-7.078,0.00033,0.124,69
0.71,0.749,120.005,0.678,-6.63,0.0163,0.0331,54
0.325,0.491,163.769,0.526,-9.794,0.311,0.0342,31
0.238,0.873,94.985,0.741,-16.148,0.327,0.138,63
0.972,0.716,110.026,0.576,-2.302,0.0145,0.196,71
0.683,0.499,134.95,0.295,-6.373,0.703,0.0334,60
0.533,0.64,99.968,0.515,-6.596,0.119,0.0706,77
0.439,0.403,84.822,0.325,-15.154,0.073,0.0555,47
0.897,0.421,156.67,0.827,-6.674,0.074,0.0423,36
0.401,0.575,134.229,0.421,-8.178,0.767,0.0275,33
0.56,0.761,110.004,0.343,-9.649,0.0203,0.041,41
0.879,0.595,110.012,0.166,-3.83,0.00048,0.0347,34
0.867,0.644,124.997,0.687,-4.18,0.001,0.0383,75
0.119,0.37,110.424,0.183,-11.513,0.953,0.0392,61
0.418,0.731,120.161,0.843,-8.51,0.381,0.0382,50
0.603,0.603,143.622,0.525,-3.678,0.853,0.0336,24
0.648,0.644,179.951,0.44,-4.601,0.276,0.118,87
0.699,0.773,104.941,0.513,-5.982,0.488,0.0958,65
0.928,0.634,164.007,0.738,-1.609,0.00719,0.0514,71
0.862,0.395,128.438,0.61,-4.918,0.116,0.0579,34
0.963,0.447,76.081,0.196,-2.893,0.138,0.183,23
0.843,0.485,78.001,0.602,-3.993,0.00129,0.0467,73
0.452,0.394,169.298,0.653,-9.923,0.276,0.0321,0
0.57,0.758,126.966,0.567,-8.645,0.00374,0.0462,71
0.702,0.626,139.506,0.6,-8.525,0.00274,0.0279,45
0.494,0.739,120.069,0.505,-11.595,0.219,0.113,60
0.904,0.278,114.417,0.0384,-5.2,0.198,0.104,0
0.337,0.644,139.966,0.206,-10.94,0.389,0.183,49
0.53,0.54,143.453,0.896,-10.583,0.614,0.0361,63
0.993,0.499,74.964,0.334,-3.257,0.000377,0.194,27
0.619,0.51,97.018,0.321,-7.918,0.801,0.281,71
0.829,0.365,113.392,0.566,-5.321,0.156,0.0609,22
0.979,0.645,175.006,0.185,-2.089,0.0109,0.272,46
0.573,0.684,107.363,0.716,-12.3,0.318,0.0261,72
0.771,0.793,171.943,0.835,-3.417,0.0337,0.0959,76
0.787,0.601,134.981,0.525,-6.178,0.0492,0.031,75
0.898,0.546,173.17,0.639,-3.067,0.0266,0.162,73
0.802,0.713,100.001,0.343,-7.055,0.0435,0.0561,74
0.71,0.608,124.985,0.613,-4.998,0.43,0.0636,65
0.603,0.787,106.984,0.743,-4.781,0.435,0.034,74
0.974,0.378,203.715,0.824,-4.055,0.00192,0.194,68
0.528,0.709,124.027,0.113,-11.127,0.0458,0.0407,62
0.739,0.528,128.1,0.542,-6.32,0.687,0.0314,65
0.724,0.576,93.029,0.34,-5.147,0.016,0.0274,64
0.934,0.654,109.97,0.231,-4.388,0.00134,0.0389,23
0.946,0.512,102.016,0.382,-1.568,0.00294,0.108,34
0.735,0.751,163.852,0.721,-6.358,0.0626,0.0775,46
0.638,0.587,168.153,0.76,-4.177,0.14,0.313,60
0.575,0.873,103.005,0.872,-7.284,0.0891,0.0702,74
0.917,0.55,126.115,0.601,-3.159,0.00428,0.0638,81
0.578,0.525,123.696,0.537,-4.563,0.0132,0.12,70
0.908,0.627,134.985,0.781,-5.369,0.0454,0.0401,54
0.827,0.725,131.948,0.81,-5.907,0.286,0.239,46
0.863,0.2,93.977,0.468,-3.424,0.000651,0.0626,59
0.452,0.555,179.921,0.321,-9.636,0.694,0.0554,57
0.924,0.417,96.482,0.703,-6.057,0.000325,0.351,31
0.6,0.707,113.001,0.603,-7.099,0.175,0.0407,47
0.407,0.688,102.545,0.234,-12.53,0.82,0.0665,37
0.801,0.762,93.992,0.81,-3.661,0.2,0.0409,79
0.731,0.688,128.018,0.87,-3.991,0.0281,0.195,33
0.267,0.4,144.799,0.0872,-12.488,0.744,0.0323,67
0.641,0.484,119.981,0.181,-12.612,0.000779,0.0377,65
0.443,0.582,78.071,0.452,-7.816,0.664,0.0436,68
0.354,0.642,119.943,0.263,-10.094,0.822,0.0303,31
0.896,0.648,128.115,0.468,-4.254,0.00138,0.041,69
0.473,0.426,181.752,0.937,-7.924,0.353,0.0335,0
0.365,0.0906,55.835,0.0493,-8.525,0.706,0.0332,19
0.826,0.702,112.03,0.867,-7.357,0.0345,0.0312,19
0.449,0.777,140.005,0.352,-7.259,0.894,0.0684,43
0.769,0.523,136.162,0.876,-5.855,0.04,0.0269,80
0.582,0.902,107.005,0.332,-5.902,0.111,0.109,79
0.647,0.484,117.952,0.961,-13.536,0.777,0.0383,11
0.639,0.642,124.002,0.131,-12.899,0.186,0.0553,35
0.43,0.51,121.459,0.763,-12.023,0.869,0.0362,24
0.698,0.545,140.987,0.636,-9.75,0.081,0.0308,10
0.416,0.675,120.874,0.643,-15.682,0.0607,0.835,34
0.541,0.533,144.135,0.335,-7.854,0.217,0.0252,67
0.878,0.446,107.843,0.435,-4.238,0.704,0.0469,30
0.982,0.516,98.024,0.517,-1.972,0.012,0.0986,52
0.0479,0.0819,171.892,0.0395,-26.058,0.851,0.0476,21
0.376,0.533,165.007,0.187,-11.913,0.0302,0.0393,77
0.316,0.708,81.403,0.652,-9.507,0.447,0.0671,51
0.849,0.643,162.152,0.903,-5.428,0.0371,0.0526,81
0.785,0.638,91.101,0.515,-2.612,0.185,0.044,64
0.859,0.527,74.214,0.443,-6.685,0.176,0.0687,72
0.762,0.837,130.014,0.912,-6.02,0.267,0.048,45
0.227,0.583,84.765,0.368,-14.525,0.936,0.0332,52
0.634,0.705,98.008,0.639,-6.083,0.0405,0.0282,64
0.187,0.459,111.829,0.379,-15.631,0.879,0.0353,52
0.708,0.684,134.685,0.84,-11.404,0.513,0.0299,0
0.903,0.403,115.669,0.498,-3.88,0.574,0.0664,1
0.829,0.726,149.994,0.95,-3.876,0.146,0.111,70
0.382,0.766,119.992,0.672,-11.464,0.698,0.0324,56
0.412,0.592,96.911,0.192,-9.381,0.563,0.0263,40
0.416,0.407,176.947,0.246,-8.915,0.656,0.174,75
0.712,0.705,97.512,0.62,-6.156,0.0102,0.0385,83
0.419,0.615,76.997,0.216,-8.8,0.0173,0.0395,71
0.825,0.479,120.646,0.94,-7.388,0.178,0.044,14
0.643,0.543,104.006,0.272,-8.649,0.00448,0.0278,52
0.481,0.684,121.208,0.48,-10.305,0.228,0.0391,66
0.0936,0.496,120.116,0.0308,-22.248,0.43,0.0359,53
0.958,0.48,110.05,0.385,-4.241,2.45e-05,0.0664,70
0.678,0.769,106.953,0.581,-3.725,0.427,0.0315,0
0.835,0.418,104.986,0.549,-4.824,2.33e-06,0.0449,63
0.085,0.497,109.449,0.259,-24.699,0.958,0.0403,8
0.96,0.511,175.076,0.307,-3.214,0.00444,0.395,54
0.59,0.492,91.018,0.124,-4.593,0.225,0.0239,56
0.414,0.428,79.108,0.508,-5.729,0.897,0.0403,1
0.392,0.668,135.936,0.323,-12.178,0.789,0.0585,73
0.85,0.442,143.981,0.338,-3.888,0.002,0.0362,54
0.786,0.878,101.984,0.831,-5.273,0.416,0.152,65
0.737,0.729,91.99,0.369,-3.727,0.275,0.064,0
0.45,0.607,105.992,0.121,-8.507,0.0663,0.0338,70
0.673,0.385,149.271,0.187,-8.182,0.000183,0.0329,68
0.618,0.708,123.013,0.265,-4.424,0.0204,0.0592,72
0.43,0.38,82.204,0.547,-12.564,0.546,0.0288,74
0.85,0.634,124.953,0.302,-6.036,0.0149,0.0446,60
0.739,0.83,97.993,0.631,-5.395,0.136,0.0627,4
0.791,0.589,129.978,0.387,-3.443,0.00717,0.0521,64
0.684,0.665,73.986,0.927,-7.049,0.247,0.106,70
0.836,0.578,167.026,0.932,-6.607,0.163,0.0512,73
0.937,0.382,108.729,0.0957,-9.01,0.0172,0.0758,2
0.623,0.754,123.018,0.468,-13.354,0.0514,0.0353,5
0.845,0.748,123.925,0.659,-4.612,0.00083,0.0536,64
0.832,0.546,127.996,0.0374,-8.834,0.00145,0.0372,27
0.787,0.874,108.007,0.896,-2.416,0.118,0.129,67
0.728,0.84,124.066,0.74,-8.473,0.127,0.0436,69
0.508,0.744,83.998,0.0548,-8.145,0.0521,0.0709,52
0.913,0.573,88.418,0.795,-6.52,0.00861,0.0409,0
0.542,0.85,119.747,0.622,-3.602,0.229,0.167,62
0.921,0.434,181.99,0.626,-4.656,0.000314,0.0679,61
0.468,0.62,149.855,0.646,-7.492,0.619,0.04,64
0.465,0.81,125.829,0.94,-11.067,0.305,0.0555,48
0.789,0.64,75.018,0.762,-4.891,0.0875,0.0644,69
0.127,0.529,63.05,0.578,-16.066,0.611,0.0274,78
0.653,0.608,86.933,0.423,-7.573,0.507,0.0427,62
0.932,0.567,170.109,0.678,-5.573,0.263,0.131,48
0.914,0.45,162.487,0.904,-5.4,0.0305,0.0607,67
0.453,0.71,176.48,0.632,-14.977,0.594,0.861,33
0.454,0.709,90.038,0.548,-7.843,0.445,0.167,76
0.833,0.787,123.97,0.796,-4.403,0.018,0.0478,81
0.634,0.314,143.992,0.172,-7.168,0.0207,0.0344,60
0.796,0.564,95.946,0.241,-3.698,0.118,0.0737,62
0.407,0.457,117.053,0.126,-11.475,0.805,0.0308,75
0.356,0.55,159.911,0.343,-14.142,0.637,0.0405,51
0.875,0.763,123.013,0.8,-5.797,0.024,0.0262,73
0.157,0.468,135.415,0.356,-11.996,0.837,0.031,40
0.669,0.684,124.371,0.834,-8.111,0.682,0.0478,27
0.316,0.808,96.393,0.315,-14.883,0.434,0.0847,29
0.997,0.156,148.712,0.0594,-5.26,1.45e-06,0.22,17
0.801,0.647,180.108,0.517,-2.946,0.0451,0.249,86
0.317,0.731,114.078,0.33,-13.775,0.812,0.0358,46
0.988,0.329,114.817,0.267,-5.074,2.16e-06,0.14,11
0.929,0.234,155.577,0.1,-3.059,0.0,0.0818,16
0.878,0.459,144.852,0.494,-1.399,5.62e-05,0.0688,73
0.778,0.783,95.013,0.426,-5.986,0.105,0.17,41
0.614,0.761,129.637,0.894,-11.445,0.0439,0.0354,60
0.68,0.601,104.023,0.656,-4.638,0.0154,0.0317,38
0.499,0.664,110.153,0.194,-12.929,0.0589,0.0298,37
0.901,0.561,105.021,0.0375,-1.51,0.00771,0.0558,27
0.775,0.493,139.217,0.955,-9.283,0.648,0.0304,21
0.781,0.695,124.04,0.456,-5.578,0.0185,0.0452,72
0.956,0.197,177.018,0.209,-2.908,7.61e-05,0.0663,68
0.872,0.662,121.989,0.372,-4.874,0.0729,0.0318,71
0.551,0.271,143.899,0.2,-8.46,0.0307,0.0272,71
0.0025,0.218,70.124,0.0556,-35.931,0.994,0.0401,64
0.573,0.731,109.928,0.145,-10.059,0.401,0.0544,80
0.892,0.644,180.044,0.767,-1.1,0.13,0.0567,69
0.77,0.407,150.203,0.21,-3.767,0.374,0.0334,0
0.766,0.762,130.001,0.442,-3.955,0.00776,0.0343,86
0.992,0.678,150.07,0.761,-0.644,0.123,0.096,37
0.248,0.418,130.953,0.298,-9.997,0.954,0.0451,69
0.706,0.33,83.333,0.27,-5.54,0.0575,0.0482,39
0.814,0.706,125.472,0.778,-5.405,0.0159,0.0569,61
0.505,0.46,135.757,0.22,-5.487,0.42,0.0266,68
0.869,0.885,126.005,0.702,-4.939,0.00211,0.0552,48
0.858,0.403,143.601,0.465,-5.6,0.00355,0.0665,28
0.712,0.29,169.288,0.287,-5.56,0.413,0.0478,43
0.535,0.93,102.017,0.518,-8.755,0.303,0.111,71
0.512,0.601,110.031,0.536,-11.424,0.856,0.0338,23
0.953,0.486,95.574,0.595,-2.244,0.0505,0.0766,58
0.453,0.633,93.604,0.7,-10.159,0.885,0.922,21
0.701,0.537,120.919,0.583,-8.913,0.0972,0.0335,75
0.761,0.571,79.896,0.881,-6.512,0.486,0.0385,44
0.638,0.806,164.049,0.968,-8.227,0.412,0.0681,44
0.623,0.515,64.253,0.643,-5.597,0.359,0.036,62
0.897,0.726,120.494,0.715,-3.534,0.0257,0.0353,51
0.436,0.403,129.667,0.426,-7.85,0.738,0.037,60
0.535,0.71,144.996,0.306,-8.307,0.0109,0.0649,33
0.527,0.759,119.936,0.482,-6.739,0.749,0.0438,1
0.587,0.607,171.946,0.26,-8.409,0.101,0.171,62
0.782,0.663,145.077,0.611,-4.519,0.00153,0.1,65
0.293,0.669,139.792,0.801,-11.63,0.966,0.0696,0
0.548,0.548,146.271,0.366,-9.017,0.462,0.104,57
0.441,0.606,66.443,0.455,-9.303,0.326,0.0272,61
0.845,0.557,127.432,0.542,-4.352,0.0284,0.103,60
0.625,0.487,170.397,0.351,-5.112,0.374,0.0401,69
0.348,0.793,121.919,0.155,-8.5,0.214,0.0855,2
0.387,0.358,181.183,0.495,-14.342,0.746,0.0324,73
0.222,0.559,119.516,0.131,-12.971,0.871,0.0394,29
0.626,0.63,102.647,0.224,-7.124,0.29,0.278,26
0.37,0.754,114.941,0.228,-9.854,0.403,0.12,65
0.578,0.69,89.998,0.788,-8.7,0.167,0.0656,68
0.701,0.713,120.065,0.153,-8.094,0.133,0.048,55
0.89,0.177,106.17,0.482,-8.5,1.3e-06,0.0519,13
0.467,0.901,105.586,0.58,-9.142,0.05,0.0586,62
0.995,0.68,138.009,0.837,-2.721,0.0857,0.0434,29
0.924,0.548,124.031,0.242,-4.48,0.00033,0.0689,63
0.307,0.596,143.979,0.397,-11.604,0.816,0.0405,65
0.394,0.662,119.938,0.326,-14.407,0.789,0.0361,68
0.395,0.462,82.259,0.625,-9.376,0.758,0.0264,73
0.328,0.744,98.923,0.532,-12.535,0.681,0.231,68
0.962,0.477,94.986,0.186,-3.345,0.0092,0.0797,19
0.741,0.416,160.515,0.286,-4.001,0.00804,0.0335,68
0.715,0.745,94.511,0.342,-3.368,0.128,0.246,65
0.432,0.385,94.843,0.19,-8.397,0.574,0.0581,20
0.943,0.48,163.901,0.919,-3.134,0.00682,0.0542,36
0.91,0.731,120.991,0.886,-4.559,0.11,0.0918,64
0.649,0.607,102.996,0.505,-6.695,0.0306,0.0362,75
0.44,0.797,111.014,0.436,-6.587,0.471,0.0594,75
0.74,0.426,137.776,0.742,-7.328,0.0975,0.0422,26
0.696,0.677,90.03,0.464,-6.181,0.321,0.119,86
0.8,0.816,118.014,0.534,-5.705,0.0283,0.0733,75
0.593,0.634,149.932,0.765,-7.785,0.628,0.0419,47
0.646,0.867,88.634,0.67,-4.674,0.303,0.288,77
0.144,0.23,142.163,0.229,-21.34,0.94,0.0408,0
0.525,0.527,99.638,0.257,-8.106,0.876,0.0337,70
0.165,0.625,94.744,0.419,-14.581,0.835,0.0354,68
0.74,0.46,129.611,0.0808,-5.849,0.000203,0.0303,50
0.184,0.635,128.424,0.177,-10.785,0.665,0.0456,74
0.83,0.701,122.037,0.475,-5.132,0.362,0.0507,60
0.814,0.661,99.963,0.459,-5.529,0.0337,0.0759,70
0.548,0.535,115.144,0.477,-6.51,0.533,0.037,73
0.874,0.532,91.038,0.361,-5.183,0.00842,0.0482,73
0.842,0.329,150.01,0.58,-4.935,0.717,0.0705,45
0.221,0.695,104.996,0.183,-19.067,0.951,0.0415,41
0.959,0.4,149.062,0.339,-3.258,0.000187,0.103,70
0.346,0.523,66.14,0.506,-9.312,0.612,0.0252,28
0.0508,0.195,64.854,0.0411,-28.131,0.935,0.0359,63
0.97,0.522,121.054,0.488,-4.576,5.53e-05,0.209,61
0.633,0.966,108.011,0.767,-6.392,0.0206,0.101,64
0.754,0.595,129.951,0.672,-4.527,0.0245,0.0554,63
0.907,0.438,75.051,0.545,-4.996,4.32e-05,0.0361,0
0.81,0.677,110.044,0.614,-6.192,0.643,0.0378,61
0.306,0.714,129.984,0.314,-12.111,0.726,0.0388,67
0.481,0.256,114.732,0.0642,-10.635,0.392,0.0989,18
0.448,0.439,108.184,0.163,-8.447,0.152,0.0303,0
0.37,0.735,112.015,0.305,-12.581,0.389,0.0705,67
0.917,0.532,150.041,0.0661,-2.173,0.00499,0.128,42
0.272,0.389,88.035,0.379,-10.245,0.861,0.0328,28
0.0519,0.56,132.691,0.182,-22.616,0.99,0.0423,61
0.574,0.577,94.009,0.436,-6.525,0.572,0.0278,88
0.929,0.297,124.959,0.252,-3.547,1.7e-05,0.0844,26
0.606,0.819,125.007,0.253,-10.601,0.000716,0.111,18
0.54,0.695,121.932,0.415,-5.692,0.299,0.0493,0
0.89,0.648,125.953,0.321,-3.982,0.0294,0.0523,64
0.637,0.836,120.025,0.875,-4.803,0.535,0.0367,43
0.461,0.649,141.088,0.487,-8.401,0.442,0.0449,71
0.471,0.682,79.907,0.421,-9.182,0.765,0.0301,79
0.681,0.737,124.023,0.799,-10.063,0.0401,0.0536,60
0.371,0.772,96.574,0.684,-5.743,0.744,0.0348,75
0.921,0.404,110.589,0.849,-5.758,0.00809,0.0415,43
0.995,0.286,180.188,0.547,-3.361,1.69e-05,0.0957,29
0.579,0.842,95.005,0.7,-5.504,0.119,0.0556,62
0.684,0.795,114.011,0.419,-3.971,0.0225,0.0419,91
0.244,0.774,103.464,0.421,-9.748,0.72,0.0299,65
0.759,0.609,114.045,0.774,-4.862,0.028,0.0276,70
0.997,0.311,139.197,0.257,-4.693,0.000756,0.11,33
0.445,0.731,117.97,0.106,-8.418,0.0586,0.0533,80
0.307,0.65,118.087,0.604,-9.443,0.57,0.0393,0
0.461,0.676,87.917,0.715,-6.746,0.0322,0.143,73
0.336,0.602,90.894,0.335,-11.106,0.883,0.0369,64
0.636,0.745,108.955,0.834,-4.7,0.0794,0.0448,68
0.59,0.456,124.635,0.243,-8.638,0.00182,0.0327,78
0.458,0.344,87.959,0.0647,-6.649,0.00343,0.0285,38
0.434,0.556,147.507,0.505,-9.548,0.407,0.0363,56
0.729,0.533,78.67,0.884,-7.227,0.563,0.0714,68
0.66,0.703,95.031,0.79,-5.119,0.137,0.123,73
0.732,0.701,120.039,0.335,-7.012,0.0618,0.0325,44
0.634,0.631,90.947,0.569,-5.202,0.568,0.0326,0
0.00356,0.0881,78.987,0.0514,-33.389,0.985,0.0435,61
0.604,0.794,98.048,0.343,-7.433,0.0326,0.304,0
0.739,0.745,99.913,0.556,-4.591,0.405,0.0327,71
0.831,0.0989,159.594,0.0593,-5.809,0.0427,0.0585,0
0.754,0.644,154.973,0.655,-5.874,0.712,0.0681,62
0.52,0.58,159.722,0.0585,-5.999,0.0042,0.42,67
0.527,0.937,96.973,0.908,-6.546,0.182,0.301,46
0.963,0.409,144.003,0.271,-7.359,6.41e-06,0.0771,0
0.554,0.856,121.025,0.76,-9.015,0.2,0.0482,62
0.547,0.636,149.951,0.456,-8.916,0.551,0.15,50
0.458,0.481,129.931,0.426,-13.292,0.063,0.0313,32
0.422,0.712,80.014,0.772,-10.688,0.307,0.046,63
0.809,0.726,79.969,0.622,-4.192,0.47,0.358,60
0.911,0.504,106.244,0.671,-2.97,0.00512,0.0738,73
0.363,0.667,156.015,0.366,-9.431,0.345,0.0323,48
0.525,0.878,112.022,0.694,-6.832,0.183,0.0578,77
0.694,0.703,95.0,0.298,-4.808,0.436,0.0607,76
0.857,0.676,128.01,0.0378,-6.7,0.00149,0.0391,56
0.429,0.781,114.012,0.351,-8.393,0.705,0.0287,44
0.0176,0.483,76.384,0.2,-25.501,0.994,0.052,51
0.473,0.376,148.835,0.0398,-5.636,0.00527,0.0325,65
0.766,0.677,123.062,0.198,-6.896,0.0219,0.0568,72
0.41,0.802,106.05,0.224,-12.793,0.411,0.0455,61
0.653,0.336,160.529,0.271,-8.475,0.0301,0.0341,39
0.516,0.737,125.511,0.961,-5.829,0.565,0.357,61
0.913,0.818,119.986,0.536,-3.06,0.093,0.0426,76
0.795,0.646,89.99,0.796,-3.293,0.0319,0.0976,82
0.995,0.604,136.216,0.262,-3.641,0.00306,0.164,63
0.966,0.499,138.042,0.215,-4.679,0.000329,0.11,61
0.953,0.153,199.892,0.14,-4.74,0.00152,0.122,67
0.305,0.166,117.411,1e-05,-16.525,0.675,0.0575,50
0.684,0.724,105.0,0.163,-5.129,0.00134,0.0342,70
0.965,0.466,95.028,0.453,-2.597,0.042,0.0904,67
0.503,0.804,124.997,0.266,-7.693,6.55e-05,0.0761,44
0.695,0.792,124.973,0.843,-7.34,0.081,0.0499,26
0.797,0.625,87.645,0.816,-6.917,0.617,0.0659,45
0.941,0.345,179.626,0.407,-9.918,3.84e-05,0.0466,86
0.353,0.659,144.03,0.438,-15.69,0.984,0.723,62
0.988,0.467,130.433,0.321,-3.313,0.000152,0.112,77
0.66,0.697,93.011,0.301,-5.459,0.472,0.0352,67
0.406,0.5,104.886,0.512,-8.67,0.913,0.0541,27
0.761,0.535,149.968,0.248,-7.589,0.0165,0.0373,62
0.623,0.689,101.998,0.546,-5.025,0.254,0.0621,1
0.76,0.858,93.083,0.951,-7.895,0.0217,0.254,0
0.685,0.539,78.989,0.507,-7.715,0.641,0.0344,38
0.563,0.523,90.362,0.818,-11.438,0.159,0.0384,16
0.894,0.497,134.964,0.498,-3.793,0.00771,0.0371,42
0.255,0.731,135.346,0.564,-11.732,0.485,0.0375,0
0.861,0.523,127.049,0.346,-3.447,0.0336,0.0644,63
0.535,0.893,137.995,0.415,-10.372,0.856,0.26,13
0.811,0.762,164.958,0.605,-10.256,0.129,0.166,19
0.758,0.288,97.094,0.619,-5.692,0.00616,0.0371,83
0.46,0.706,102.98,0.226,-9.061,0.847,0.0296,68
0.0134,0.531,63.963,0.31,-21.313,0.978,0.0537,22
0.383,0.761,132.113,0.216,-13.798,0.167,0.0417,19
0.795,0.464,158.691,0.612,-9.267,0.0493,0.0926,80
0.549,0.516,176.941,0.907,-13.741,0.501,0.0373,77
0.387,0.55,105.392,0.725,-12.219,0.859,0.0334,18
0.765,0.501,91.771,0.46,-7.063,0.00294,0.0281,81
0.642,0.752,95.043,0.388,-5.165,0.0861,0.0869,73
0.657,0.376,80.565,0.203,-4.658,0.0858,0.0768,81
0.836,0.571,141.612,0.73,-5.556,0.194,0.0371,1
0.264,0.744,111.94,0.495,-12.333,0.92,0.0327,29
0.515,0.57,91.96,0.573,-8.936,0.474,0.03,25
0.603,0.658,146.864,0.519,-6.552,0.472,0.0676,69
0.962,0.321,200.142,0.473,-3.364,6.78e-06,0.161,60
0.502,0.381,144.3,0.147,-5.505,0.16,0.0368,62
0.748,0.727,135.041,0.558,-5.909,0.393,0.0579,43
0.846,0.51,139.927,0.475,-4.595,0.0101,0.0461,72
0.355,0.44,73.059,0.0536,-14.05,0.725,0.0276,46
0.131,0.371,106.872,0.0656,-23.899,0.898,0.0422,0
0.387,0.334,129.959,0.42,-9.483,0.755,0.0332,65
0.777,0.238,92.322,0.156,-5.98,0.0106,0.151,0
0.518,0.473,96.129,0.18,-8.1,0.553,0.0405,73
0.816,0.638,112.014,0.386,-5.503,0.00149,0.0308,62
0.924,0.471,154.961,0.725,-3.906,0.00301,0.0586,80
0.0547,0.476,109.999,0.0539,-25.55,0.979,0.0345,25
0.929,0.736,125.03,0.658,-5.89,0.00237,0.0674,55
0.925,0.266,95.438,0.2,-3.75,0.000233,0.0834,61
0.985,0.246,150.492,0.219,-3.361,4.99e-06,0.227,12
0.72,0.653,128.042,0.17,-7.028,0.00021,0.0321,18
0.805,0.721,120.009,0.711,-5.049,0.0193,0.0473,60
0.866,0.526,140.266,0.248,-5.822,0.00287,0.0568,88
0.917,0.55,126.115,0.601,-3.159,0.00428,0.0638,81
0.543,0.703,86.983,0.949,-8.575,0.306,0.0783,47
0.855,0.812,90.04,0.573,-3.725,0.0789,0.0554,85
0.651,0.589,90.011,0.166,-5.097,0.0291,0.0306,72
0.935,0.661,99.978,0.605,-2.217,0.137,0.0369,63
0.952,0.483,142.016,0.0909,-7.202,0.000319,0.0703,16
0.527,0.671,103.502,0.58,-10.175,0.898,0.0784,41
0.863,0.617,127.997,0.595,-5.063,0.0909,0.17,31
0.835,0.483,97.47,0.212,-4.304,0.0283,0.118,16
0.631,0.631,89.975,0.697,-6.934,0.693,0.0307,68
0.733,0.81,125.975,0.9,-6.338,0.276,0.0444,80
0.382,0.733,98.027,0.517,-7.955,0.132,0.0459,69
0.262,0.605,97.996,0.0464,-13.84,0.311,0.0479,18
0.54,0.584,137.972,0.195,-7.786,0.0895,0.0576,78
0.197,0.378,147.405,0.189,-16.045,0.949,0.0318,37
0.684,0.669,96.097,0.466,-4.595,0.252,0.0585,63
0.883,0.43,140.251,0.69,-8.881,0.00346,0.0616,0
0.969,0.629,150.01,0.905,-0.276,0.00184,0.0455,61
0.772,0.593,141.316,0.518,-6.336,0.0274,0.0458,37
0.468,0.35,71.312,0.0467,-9.909,0.445,0.0385,67
0.563,0.785,94.046,0.691,-5.864,0.194,0.0405,70
0.929,0.709,103.01,0.477,-1.583,0.0431,0.061,70
0.958,0.507,105.034,0.362,-4.688,0.000123,0.0588,62
0.305,0.817,148.017,0.52,-7.73,0.874,0.0451,51
0.655,0.613,138.854,0.557,-9.229,0.0206,0.0288,0
0.617,0.843,119.983,0.395,-7.603,0.0176,0.0429,55
0.419,0.711,188.597,0.592,-6.353,0.294,0.145,33
0.326,0.509,86.829,0.229,-9.59,0.0618,0.0254,0
0.894,0.536,174.899,0.784,-5.687,0.00596,0.0479,68
0.773,0.647,121.997,0.0682,-5.893,0.00854,0.0403,61
0.407,0.421,139.028,0.161,-7.445,0.309,0.0267,81
0.987,0.435,103.16,0.101,-4.667,0.000195,0.16,68
0.0623,0.525,91.205,0.17,-16.836,0.994,0.05,0
0.647,0.631,164.191,0.762,-6.433,0.0316,0.0418,45
0.555,0.236,80.718,0.325,-7.383,0.0392,0.031,0
0.623,0.653,100.021,0.718,-4.56,0.505,0.0244,0
0.879,0.512,92.358,0.484,-4.69,9.54e-05,0.031,0
0.499,0.624,143.249,0.298,-9.962,0.82,0.0495,83
0.445,0.561,125.695,0.0519,-16.71,0.784,0.0579,0
0.783,0.545,174.084,0.551,-4.261,0.00489,0.0345,79
0.93,0.552,172.066,0.799,-5.379,3.73e-05,0.18,17
0.629,0.784,101.016,0.843,-9.754,0.364,0.0424,60
0.306,0.65,118.068,0.605,-9.443,0.57,0.0393,80
0.511,0.598,102.735,0.682,-7.6,0.723,0.0495,21
0.399,0.662,96.05,0.265,-8.933,0.491,0.0314,60
0.339,0.613,106.582,0.292,-14.908,0.678,0.135,71
0.385,0.529,123.22,0.611,-11.17,0.88,0.0471,0
0.867,0.262,179.985,0.485,-4.472,0.00216,0.0481,61
0.161,0.237,104.997,0.0812,-12.265,0.778,0.0326,41
0.0216,0.436,74.874,0.112,-25.869,0.99,0.042,20
0.257,0.245,104.0,0.0379,-17.027,0.994,0.0407,19
0.312,0.876,114.973,0.377,-10.17,0.443,0.0521,68
0.759,0.572,80.95,0.519,-4.312,0.127,0.0506,71
0.745,0.741,85.989,0.898,-4.099,0.103,0.0472,0
0.827,0.736,125.008,0.814,-3.902,0.0199,0.0643,63
0.65,0.487,151.964,0.456,-5.195,0.191,0.0253,79
0.745,0.753,109.972,0.797,-6.255,0.0597,0.0737,24
0.889,0.43,173.964,0.18,-4.821,0.00142,0.0374,17
0.488,0.651,113.038,0.49,-8.22,0.212,0.0316,63
0.93,0.647,145.045,0.185,-1.725,0.000956,0.0436,53
0.35,0.611,99.875,0.113,-11.393,0.328,0.029,18
0.452,0.583,79.999,0.327,-10.459,0.802,0.026,60
0.63,0.564,101.908,0.433,-4.769,0.622,0.0266,47
0.956,0.559,169.857,0.249,-5.651,0.00654,0.0639,17
0.403,0.369,154.899,0.177,-7.996,0.827,0.0259,69
0.83,0.459,155.827,0.431,-6.254,5.15e-05,0.0364,71
0.953,0.466,134.004,0.283,-2.431,0.128,0.1,20
0.753,0.483,115.102,0.42,-8.937,0.425,0.0832,76
0.761,0.636,120.837,0.463,-7.752,0.00377,0.035,68
0.586,0.799,120.97,0.549,-6.735,0.162,0.0377,72
0.784,0.595,124.111,0.479,-4.878,0.216,0.102,79
0.823,0.646,128.035,0.418,-4.123,0.213,0.0394,79
0.804,0.743,104.822,0.425,-6.327,0.0231,0.0676,0
0.927,0.751,117.046,0.505,-6.026,0.339,0.0874,41
0.91,0.616,144.072,0.693,-3.004,0.0459,0.0386,70
0.78,0.511,119.974,0.312,-9.381,0.168,0.0753,48
0.713,0.637,129.923,0.243,-4.333,0.181,0.0747,74
0.633,0.943,99.969,0.731,-4.856,0.371,0.244,21
0.45,0.908,108.056,0.515,-7.174,0.0608,0.314,70
0.689,0.198,172.664,0.113,-8.3,0.00535,0.0397,0
0.977,0.541,134.938,0.263,-2.828,0.00321,0.157,74
0.894,0.651,144.95,0.561,-4.843,0.0706,0.0317,67
0.566,0.611,82.984,0.312,-5.861,0.507,0.0388,64
0.488,0.38,156.031,0.268,-6.637,0.126,0.029,78
0.934,0.417,127.066,0.287,-3.908,0.000278,0.119,83
0.257,0.365,172.171,0.412,-9.979,0.89,0.0504,62
0.552,0.444,84.684,0.307,-8.01,0.259,0.0278,42
0.497,0.605,126.014,0.72,-6.676,0.727,0.0319,0
0.159,0.534,80.047,0.184,-14.304,0.917,0.0288,64
0.793,0.677,75.026,0.941,-5.972,0.558,0.0734,63
0.731,0.843,93.013,0.636,-5.583,0.259,0.134,0
0.681,0.711,118.021,0.775,-7.459,0.124,0.0263,76
0.747,0.835,102.003,0.432,-4.65,0.0492,0.083,88
0.837,0.298,193.955,0.185,-6.095,0.0337,0.0827,33
0.751,0.641,139.921,0.463,-6.939,0.0188,0.0405,41
0.788,0.687,123.02,0.669,-5.142,0.0121,0.0352,74
0.659,0.553,120.146,0.105,-7.295,0.0027,0.0391,83
0.926,0.581,117.04,0.874,-3.268,0.176,0.0662,71
0.958,0.551,136.867,0.709,-2.855,0.512,0.0834,41
0.374,0.658,98.892,0.367,-11.684,0.721,0.026,66
0.609,0.664,130.041,0.194,-6.509,0.304,0.0707,84
0.151,0.583,50.17,0.222,-17.364,0.538,0.475,23
0.817,0.719,103.853,0.0747,-8.447,0.132,0.306,46
0.431,0.589,115.918,0.223,-11.299,0.803,0.0266,42
0.761,0.658,165.543,0.843,-6.645,0.0531,0.257,62
0.872,0.49,117.619,0.868,-5.819,0.72,0.0538,51
0.853,0.553,122.023,0.506,-3.668,0.000684,0.0339,74
0.705,0.469,122.025,0.137,-5.134,0.0304,0.0458,65
0.219,0.745,88.609,0.635,-11.216,0.851,0.0276,76
0.566,0.826,99.131,0.655,-10.747,0.199,0.311,66
0.926,0.49,163.938,0.829,-4.791,0.00115,0.05,37
0.782,0.665,137.453,0.731,-8.438,0.12,0.0307,66
0.723,0.518,100.118,0.363,-8.075,0.157,0.137,70
0.692,0.671,114.545,0.538,-8.948,0.189,0.0376,20
0.866,0.679,147.086,0.0457,-9.691,3.84e-05,0.0719,24
0.833,0.858,107.977,0.693,-3.747,0.375,0.0471,65
0.489,0.595,120.315,0.0902,-6.66,0.497,0.0271,74
0.581,0.469,88.906,0.356,-10.358,0.0626,0.0341,39
0.723,0.661,113.778,0.316,-6.976,0.179,0.0566,74
0.648,0.55,156.957,0.323,-6.542,0.0191,0.0309,73
0.178,0.303,162.93,0.218,-20.756,0.972,0.0467,55
0.689,0.537,75.017,0.682,-4.725,0.00517,0.0297,49
0.584,0.795,127.05,0.785,-5.758,0.172,0.0396,63
0.979,0.404,175.013,0.674,-4.14,0.00125,0.131,3
0.852,0.701,122.984,0.238,-7.623,0.124,0.0611,59
0.648,0.473,137.987,0.435,-5.542,0.0617,0.0323,48
0.797,0.715,92.739,0.841,-10.154,0.837,0.193,60
0.758,0.618,120.987,0.144,-7.996,0.0087,0.0336,63
0.355,0.528,117.974,0.222,-13.865,0.685,0.034,22
0.399,0.486,129.849,0.42,-7.135,0.872,0.0285,39
0.78,0.622,106.16,0.818,-4.687,0.159,0.038,56
0.645,0.683,121.995,0.366,-5.707,0.589,0.0272,64
0.843,0.483,99.359,0.961,-9.476,0.279,0.0338,0
0.751,0.901,118.0,0.23,-6.867,0.0177,0.0736,31
0.914,0.671,101.201,0.806,-4.598,0.573,0.107,64
0.284,0.296,114.786,0.0917,-14.01,0.968,0.033,66
0.403,0.443,143.462,0.41,-8.339,0.631,0.0322,77
0.107,0.409,205.935,0.498,-19.361,0.995,0.051,27
0.2,0.499,137.367,0.185,-10.276,0.819,0.0355,63
0.228,0.25,90.001,0.198,-14.186,0.811,0.0364,0
0.346,0.711,91.993,0.771,-10.162,0.766,0.0291,66
0.59,0.784,144.981,0.944,-7.355,0.0116,0.0879,43
0.698,0.635,179.959,0.568,-10.039,0.05,0.237,24
0.826,0.768,114.997,0.926,-4.904,0.00199,0.0335,66
0.662,0.742,119.991,0.0845,-8.149,0.00022,0.0462,48
0.134,0.778,116.078,0.287,-17.927,0.967,0.0506,71
0.274,0.664,75.01,0.392,-11.005,0.899,0.0425,26
0.896,0.662,90.622,0.79,-5.311,0.318,0.251,70
0.87,0.28,164.057,0.284,-4.219,0.000686,0.0592,73
0.544,0.541,98.015,0.456,-7.559,0.28,0.258,61
0.0355,0.742,144.019,0.41,-17.618,0.991,0.167,20
0.083,0.475,54.528,0.0362,-28.071,0.831,0.0361,62
0.724,0.401,136.425,0.144,-6.614,0.0757,0.0351,45
0.821,0.582,86.013,0.0373,-4.304,0.0354,0.0497,62
0.384,0.872,102.597,0.938,-16.204,0.418,0.0388,54
0.911,0.485,89.956,0.568,-5.749,8.67e-05,0.0355,68
0.663,0.903,87.973,0.502,-5.879,0.0691,0.231,15
0.703,0.514,157.399,0.356,-6.859,0.0107,0.0298,70
0.915,0.544,126.094,0.51,-3.405,0.129,0.0841,73
0.922,0.26,101.185,0.2,-7.592,3.03e-06,0.104,44
0.872,0.283,149.905,0.501,-3.75,0.0221,0.0615,29
0.472,0.714,131.121,0.238,-7.375,0.013,0.0864,100
0.726,0.519,171.97,0.453,-2.874,0.518,0.0446,66
0.839,0.467,137.902,0.518,-3.584,0.000738,0.0295,60
0.343,0.547,127.977,0.401,-10.475,0.954,0.0301,51
0.778,0.443,128.25,0.628,-7.564,0.241,0.266,64
0.923,0.68,105.965,0.863,-2.833,0.361,0.0495,67
0.987,0.453,154.08,0.206,-3.012,0.000164,0.251,59
0.764,0.591,169.928,0.478,-5.484,0.0383,0.0483,86
0.655,0.9,96.032,0.885,-7.259,0.346,0.0746,46
0.131,0.542,136.161,0.319,-14.104,0.983,0.0316,74
0.869,0.492,123.118,0.136,-6.403,0.000879,0.0673,65
0.701,0.762,110.968,0.742,-3.541,0.235,0.0286,82
0.153,0.731,78.072,0.324,-14.409,0.952,0.0562,64
0.737,0.662,103.867,0.744,-9.54,0.108,0.0296,69
0.701,0.609,157.12,0.285,-7.492,0.000497,0.039,49
0.776,0.851,118.019,0.907,-6.162,0.29,0.0737,17
0.558,0.407,71.815,0.777,-13.609,0.0541,0.0552,73
0.833,0.574,86.008,0.574,-6.239,0.0611,0.0563,67
0.626,0.608,176.086,0.246,-4.773,0.597,0.301,81
0.478,0.735,107.682,0.947,-12.472,0.189,0.0293,74
0.234,0.565,85.274,0.484,-8.089,0.723,0.0286,0
0.34,0.558,95.793,0.213,-12.036,0.461,0.0254,40
0.902,0.804,155.98,0.72,-3.067,0.265,0.0846,62
0.817,0.506,109.952,0.506,-5.051,0.00272,0.0335,85
0.82,0.727,122.001,0.0785,-11.369,0.0227,0.0473,42
0.435,0.898,115.034,0.836,-8.834,0.555,0.0489,50
0.126,0.275,88.626,0.21,-17.077,0.879,0.033,65
0.996,0.322,138.695,0.0846,-2.307,0.00428,0.225,52
0.59,0.696,126.326,0.826,-8.772,0.158,0.738,35
0.261,0.531,117.893,0.159,-14.057,0.803,0.033,41
0.79,0.509,147.073,0.625,-7.105,0.218,0.0293,73
0.953,0.631,141.99,0.422,-3.739,0.0241,0.0343,73
0.96,0.657,126.02,0.567,-3.524,0.00169,0.07,67
0.625,0.39,144.338,0.514,-7.813,0.36,0.0537,66
0.882,0.611,117.932,0.605,-11.225,0.0847,0.0538,68
0.269,0.934,135.061,0.965,-11.631,0.731,0.0712,49
0.404,0.508,81.713,0.129,-11.092,0.664,0.0788,66
0.848,0.74,113.381,0.802,-6.437,0.0781,0.144,65
0.359,0.223,73.059,0.193,-7.569,0.845,0.0312,60
0.488,0.676,97.036,0.151,-5.091,0.0613,0.154,63
0.884,0.458,132.814,0.25,-4.679,0.000468,0.0495,54
0.254,0.41,131.556,0.289,-12.033,0.484,0.0284,20
0.323,0.804,87.019,0.456,-11.127,0.308,0.305,70
0.703,0.628,99.783,0.594,-4.27,0.0263,0.0812,69
0.525,0.611,113.946,0.299,-9.683,0.767,0.0354,52
0.579,0.714,140.006,0.256,-6.087,0.218,0.0316,47
0.0333,0.102,89.605,0.0591,-34.177,0.797,0.0476,71
0.868,0.759,123.016,0.388,-4.581,0.0131,0.0455,0
0.98,0.445,155.045,0.285,-4.369,2.45e-05,0.0731,60
0.774,0.666,138.004,0.851,-4.816,0.00565,0.0508,20
0.913,0.549,89.046,0.512,-3.952,0.172,0.091,40
0.973,0.453,93.131,0.408,-4.242,0.00234,0.148,11
0.924,0.471,154.961,0.725,-3.906,0.00301,0.0586,80
0.62,0.798,120.031,0.235,-7.079,0.414,0.232,4
0.828,0.654,112.056,0.79,-5.377,0.00146,0.0281,79
0.826,0.324,128.375,0.588,-8.127,0.00703,0.144,19
0.171,0.55,119.49,0.0642,-16.478,0.987,0.0481,18
0.572,0.477,194.033,0.0414,-7.328,0.00708,0.0319,72
0.362,0.424,174.145,0.123,-11.11,0.974,0.0402,61
0.628,0.522,121.769,0.39,-4.769,0.646,0.0309,39
0.414,0.748,97.646,0.239,-15.15,0.069,0.0405,65
0.668,0.613,96.176,0.509,-6.867,0.245,0.267,67
0.942,0.347,200.025,0.66,-5.517,0.00196,0.0913,0
0.619,0.401,78.763,0.757,-7.035,0.168,0.21,60
0.965,0.418,179.967,0.377,-2.992,0.0591,0.119,52
0.897,0.461,165.107,0.358,-3.982,0.00821,0.092,75
0.912,0.716,126.008,0.52,-4.7,0.00426,0.034,62
0.584,0.509,170.411,0.685,-4.907,0.0368,0.057,72
0.968,0.349,151.002,0.337,-4.751,6.33e-06,0.0561,27
0.702,0.573,100.092,0.553,-6.089,0.371,0.14,63
0.296,0.603,96.018,0.076,-16.694,0.103,0.0424,45
0.733,0.66,119.933,0.304,-4.619,0.248,0.0359,66
0.96,0.356,125.921,0.0857,-3.487,0.0142,0.104,76
0.836,0.743,113.375,0.82,-6.465,0.0804,0.116,80
0.893,0.393,156.326,0.756,-6.955,0.00118,0.0605,0
0.571,0.236,139.113,0.269,-7.986,0.574,0.0348,43
0.91,0.665,84.099,0.887,-4.682,0.0394,0.223,60
0.849,0.472,144.065,0.31,-3.738,0.00362,0.0315,55
0.706,0.572,113.595,0.671,-8.707,0.35,0.0283,63
0.672,0.671,166.97,0.14,-14.14,0.379,0.0443,15
0.737,0.323,113.26,0.155,-4.008,0.142,0.0338,90
0.406,0.733,148.959,0.47,-9.351,0.434,0.0808,52
0.582,0.503,77.321,0.326,-4.324,0.472,0.0253,0
0.769,0.626,127.949,0.237,-5.296,0.00291,0.0325,0
0.832,0.697,125.926,0.979,-7.264,0.168,0.0298,83
0.636,0.759,109.976,0.536,-5.585,0.0224,0.0369,75
0.533,0.863,102.025,0.738,-7.986,0.291,0.0484,70
0.755,0.603,117.996,0.29,-6.757,0.000178,0.0268,25
0.637,0.816,149.917,0.815,-7.992,0.223,0.0372,16
0.213,0.401,110.623,0.678,-13.124,0.342,0.0544,0
0.801,0.647,180.108,0.517,-2.946,0.0451,0.249,0
0.549,0.531,171.781,0.681,-7.895,0.363,0.0378,53
0.869,0.695,124.989,0.58,-5.066,0.41,0.0483,71
0.522,0.739,138.263,0.619,-12.304,0.821,0.151,76
0.823,0.667,127.903,0.35,-3.797,0.0607,0.0673,60
0.868,0.738,122.003,0.336,-4.373,0.0392,0.0731,77
0.663,0.665,120.01,0.0624,-11.2,0.0246,0.0366,8
0.552,0.468,149.945,0.135,-7.329,0.326,0.0448,59
0.786,0.663,196.12,0.579,-3.51,0.229,0.195,90
0.817,0.78,133.339,0.29,-13.421,0.00268,0.0616,23
0.797,0.882,105.025,0.824,-3.299,0.0821,0.0819,77
0.704,0.571,107.336,0.769,-5.677,0.634,0.44,33
0.386,0.575,116.408,0.466,-9.584,0.785,0.037,81
0.876,0.69,123.994,0.493,-4.159,0.0428,0.059,64
0.58,0.603,112.05,0.282,-10.2,0.384,0.0352,60
0.984,0.401,162.044,0.277,-3.445,1.69e-05,0.0859,23
0.471,0.714,80.014,0.589,-12.226,0.56,0.21,61
0.586,0.546,131.778,0.364,-8.488,0.00346,0.0313,79
0.309,0.739,97.048,0.409,-12.947,0.257,0.0472,41
0.192,0.58,105.052,0.393,-24.026,0.995,0.0479,58
0.601,0.813,118.981,0.855,-7.552,0.189,0.116,68
0.746,0.659,170.424,0.697,-9.308,0.0928,0.23,0
0.809,0.723,98.007,0.274,-3.081,0.00346,0.0625,73
0.00959,0.242,150.116,0.14,-32.735,0.987,0.0527,0
0.805,0.607,139.894,0.232,-5.579,0.00175,0.0608,65
0.649,0.715,105.058,0.722,-8.077,0.639,0.0286,42
0.062,0.41,173.776,0.446,-25.843,0.994,0.0617,33
0.687,0.586,81.009,0.503,-5.079,0.591,0.0258,63
0.834,0.679,139.996,0.962,-3.223,0.343,0.032,65
0.885,0.478,155.947,0.847,-3.185,8.51e-05,0.0546,36
0.328,0.214,89.521,0.114,-13.545,0.945,0.0377,0
0.609,0.797,142.035,0.913,-10.537,0.00375,0.131,40
0.938,0.608,133.028,0.82,-3.136,0.0207,0.0632,31
0.955,0.458,150.064,0.287,-5.231,0.0124,0.101,19
0.71,0.758,121.98,0.644,-6.469,0.00757,0.046,52
0.706,0.794,116.032,0.908,-6.066,0.198,0.0382,69
0.645,0.85,104.022,0.93,-6.302,0.358,0.0611,0
0.641,0.889,87.99,0.588,-4.494,0.0515,0.0668,74
0.00832,0.148,69.787,0.0765,-35.787,0.968,0.0396,64
0.979,0.6,137.06,0.453,-3.513,0.138,0.243,61
0.464,0.546,116.327,0.731,-18.492,0.00383,0.0638,36
0.59,0.64,90.047,0.103,-2.502,0.0495,0.0691,55
0.919,0.518,132.043,0.292,-3.294,0.00127,0.039,34
0.593,0.461,134.17,0.175,-4.954,0.17,0.0356,89
0.939,0.664,121.979,0.285,-4.699,0.011,0.0354,68
0.934,0.477,128.037,0.55,-2.884,0.0015,0.0803,65
0.634,0.642,156.15,0.35,-7.573,0.213,0.0448,0
0.421,0.517,121.459,0.578,-12.822,0.813,0.172,59
0.727,0.704,93.533,0.301,-5.004,0.0596,0.412,0
0.413,0.316,155.69,0.245,-12.216,0.856,0.0334,60
0.66,0.733,130.033,0.708,-6.446,0.0765,0.0325,44
0.91,0.214,175.549,0.448,-6.662,0.477,0.389,68
0.126,0.445,104.928,0.534,-16.27,0.984,0.0358,17
0.0452,0.261,79.371,0.131,-21.244,0.935,0.0429,2
0.841,0.739,106.99,0.562,-4.162,0.0312,0.06,68
0.738,0.685,112.972,0.8,-4.413,0.0695,0.0595,75
0.532,0.601,136.571,0.341,-9.119,0.432,0.0286,81
0.982,0.413,118.504,0.155,-4.079,0.00242,0.201,60
0.686,0.632,89.949,0.329,-7.665,0.549,0.243,78
0.297,0.496,125.217,0.548,-11.884,0.877,0.0414,19
0.789,0.492,174.641,0.963,-5.219,0.145,0.0358,38
0.262,0.855,91.057,0.576,-9.549,0.362,0.258,44
0.947,0.548,124.01,0.507,-3.494,0.0019,0.0385,18
0.656,0.771,114.994,0.962,-8.846,0.626,0.0339,30
0.0179,0.676,86.957,0.437,-18.253,0.993,0.12,18
0.699,0.589,145.997,0.496,-5.883,0.285,0.0291,66
0.895,0.393,160.057,0.183,-4.935,0.00259,0.0493,60
0.634,0.608,104.51,0.701,-5.65,0.722,0.212,62
0.679,0.835,124.98,0.85,-5.329,0.583,0.0364,98
0.549,0.582,167.997,0.721,-8.442,0.0143,0.0441,0
0.349,0.489,124.348,0.622,-14.295,0.676,0.0323,67
0.572,0.785,100.016,0.49,-7.504,0.0598,0.123,76
0.937,0.499,139.986,0.471,-4.402,0.0181,0.04,19
